Timestamp,Acc_X,Acc_Y,Acc_Z,Activity
1581740150784,-1.1828003,3.288498,9.865555,RUNNING
1581740150804,-1.727478,3.253769,10.492828,RUNNING
1581740150824,-1.640091,3.506363,10.544312,RUNNING
1581740150844,-2.6875458,3.681137,8.955765,RUNNING
1581740150863,-2.692337,3.272934,9.253845,RUNNING
1581740150886,-3.276535,2.6300812,10.482071,RUNNING
1581740150904,-3.703888,2.6480408,10.684372,RUNNING
1581740150926,-2.8707123,2.2553864,9.17244,RUNNING
1581740150942,-2.747406,2.276947,8.211166,RUNNING
1581740150963,-2.1548462,2.0351257,7.676056,RUNNING
1581740151014,-2.6863556,1.7107086,8.030411,RUNNING
1581740151015,-3.6667786,1.6149445,8.487686,RUNNING
1581740151039,-3.4716492,1.4497375,8.7929535,RUNNING
1581740151042,-3.3890533,1.7705688,8.369186,RUNNING
1581740151060,-3.549469,1.4437561,7.983719,RUNNING
1581740151081,-3.0718231,1.3049011,8.315308,RUNNING
1581740151102,-5.9161377,0.3244629,9.146103,RUNNING
1581740151123,0.6296234,2.5043945,9.822464,RUNNING
1581740151141,-1.04393,1.4856567,8.26384,RUNNING
1581740151161,0.33154297,1.5610657,8.089066,RUNNING
1581740151193,0.47998047,2.6995087,7.9741364,RUNNING
1581740151201,-0.96492004,3.2035065,7.261856,RUNNING
1581740151222,0.7062378,3.3267975,7.162506,RUNNING
1581740151240,0.49673462,3.602127,8.700775,RUNNING
1581740151260,0.1747284,5.092514,11.258987,RUNNING
1581740151280,2.21698,7.523834,10.8364105,RUNNING
1581740151300,6.6713867,8.680237,12.262146,RUNNING
1581740151321,5.252823,9.409271,17.444397,RUNNING
1581740151340,0.3626709,9.8689575,22.966629,RUNNING
1581740151361,-2.5510864,9.637909,26.678833,RUNNING
1581740151392,-5.5079193,8.009857,25.431458,RUNNING
1581740151402,-6.557785,5.6838837,18.785156,RUNNING
1581740151420,-6.664322,5.2912445,14.499527,RUNNING
1581740151438,-6.313568,3.657196,12.130463,RUNNING
1581740151459,-3.8511353,1.1145477,11.11055,RUNNING
1581740151478,-2.7593842,-1.8746185,8.875549,RUNNING
1581740151497,-3.1352692,-6.1554413,3.9231415,RUNNING
1581740151521,-2.7964935,-10.71521,-0.6330261,RUNNING
1581740151542,-2.4565125,-14.770981,-5.1736298,RUNNING
1581740151559,-0.55911255,-16.296082,-8.063431,RUNNING
1581740151593,0.29322815,-16.94371,-10.937668,RUNNING
1581740151621,-4.5514374,-18.1492,-10.255325,RUNNING
1581740151621,-12.291901,-18.309616,-6.883087,RUNNING
1581740151637,-19.772583,-17.044281,-5.3831177,RUNNING
1581740151657,-25.544998,-15.194748,-3.3899536,RUNNING
1581740151677,-29.301498,-11.1844635,-0.5037384,RUNNING
1581740151697,-39.736633,0.1461029,8.601425,RUNNING
1581740151719,-74.22032,19.109375,23.578354,RUNNING
1581740151739,-58.94771,26.017853,33.138397,RUNNING
1581740151757,-13.897202,20.03833,34.305573,RUNNING
1581740151792,-6.028656,20.070648,26.72673,RUNNING
1581740151796,-2.6300964,21.494003,17.252869,RUNNING
1581740151824,6.044113,20.217896,11.52594,RUNNING
1581740151826,11.7854,18.735886,12.348343,RUNNING
1581740151845,14.2131195,17.533997,16.797974,RUNNING
1581740151865,14.043137,15.077545,16.048584,RUNNING
1581740151885,13.10939,11.516159,10.79451,RUNNING
1581740151905,11.410706,10.629105,5.2674866,RUNNING
1581740151927,6.8437653,14.669327,5.581131,RUNNING
1581740151946,-8.17865,21.79567,21.46666,RUNNING
1581740151980,-36.462555,31.270721,46.093414,RUNNING
1581740151985,-53.072327,29.935959,47.45572,RUNNING
1581740152022,-51.611862,18.913055,33.04741,RUNNING
1581740152023,-40.676346,4.7824707,25.36322,RUNNING
1581740152043,-35.66649,-8.77829,19.948746,RUNNING
1581740152064,-17.38556,-21.46637,0.82624817,RUNNING
1581740152083,0.5027313,-23.417648,-5.021591,RUNNING
1581740152103,-2.4852448,-24.893661,-2.7662659,RUNNING
1581740152125,-4.9955597,-31.241898,-2.6273956,RUNNING
1581740152143,-6.9360657,-32.77179,3.3329773,RUNNING
1581740152179,-4.035492,-31.358002,3.213272,RUNNING
1581740152183,-2.4636993,-28.301804,-5.2717896,RUNNING
1581740152205,-11.59877,-26.40799,-12.303558,RUNNING
1581740152232,-24.838715,-26.023727,-7.760559,RUNNING
1581740152252,-38.093002,-22.600021,-0.55999756,RUNNING
1581740152272,-55.761017,-11.007294,10.823242,RUNNING
1581740152291,-67.432755,2.9221802,28.869537,RUNNING
1581740152314,-64.6064,20.469284,41.745544,RUNNING
1581740152333,-48.614334,29.118332,37.33423,RUNNING
1581740152352,-26.789978,27.434021,30.224655,RUNNING
1581740152400,-5.8718414,24.425705,25.56314,RUNNING
1581740152411,13.803711,21.454498,24.659332,RUNNING
1581740152412,14.946945,18.116974,23.692078,RUNNING
1581740152442,16.814423,17.504059,20.55687,RUNNING
1581740152442,19.03624,16.827698,12.538681,RUNNING
1581740152461,16.930542,18.422241,1.1865692,RUNNING
1581740152480,9.640198,21.877075,7.296585,RUNNING
1581740152500,-12.176971,28.372543,38.584,RUNNING
1581740152520,-41.933304,34.476562,43.74112,RUNNING
1581740152540,-44.24611,35.829285,22.342941,RUNNING
1581740152582,-58.766937,40.160385,17.170273,RUNNING
1581740152582,-64.4005,22.462448,25.358429,RUNNING
1581740152599,-49.291885,-3.2512817,26.443008,RUNNING
1581740152622,-28.626343,-22.414474,11.156036,RUNNING
1581740152661,-4.696289,-30.505676,-1.0029297,RUNNING
1581740152661,1.6208191,-31.605804,-6.1959534,RUNNING
1581740152678,-1.5299683,-34.65004,-8.482407,RUNNING
1581740152698,-8.712555,-36.227814,2.0724335,RUNNING
1581740152718,-5.1882935,-36.207474,7.1409607,RUNNING
1581740152739,-2.6289062,-32.140915,0.16184998,RUNNING
1581740152780,-14.933899,-23.437988,-6.12294,RUNNING
1581740152788,-32.443893,-14.25383,-3.7921753,RUNNING
1581740152798,-36.57628,-11.393951,1.6199188,RUNNING
1581740152819,-36.113007,-3.9276428,14.925705,RUNNING
1581740152859,-45.012253,16.757065,15.0035095,RUNNING
1581740152859,-65.932785,40.21068,-3.802948,RUNNING
1581740152886,-53.14775,37.18799,-5.420227,RUNNING
1581740152906,-20.90863,17.188034,19.427994,RUNNING
1581740152928,-1.0894165,9.994644,45.236298,RUNNING
1581740152947,5.822647,11.775925,37.336624,RUNNING
1581740152974,11.416702,14.192886,19.546509,RUNNING
1581740152987,13.333252,17.567505,5.395584,RUNNING
1581740153005,16.469666,20.937347,0.48986816,RUNNING
1581740153027,21.405304,19.163239,4.8317413,RUNNING
1581740153046,17.141235,16.924667,13.201874,RUNNING
1581740153078,-1.7933197,19.294922,18.104004,RUNNING
1581740153078,-12.850937,21.160019,18.024994,RUNNING
1581740153096,-8.729324,28.148682,17.756851,RUNNING
1581740153115,-24.717804,47.457916,28.412231,RUNNING
1581740153135,-58.75496,56.99762,25.605042,RUNNING
1581740153181,-61.528656,37.94934,14.1775055,RUNNING
1581740153182,-38.284546,0.2562256,14.4145355,RUNNING
1581740153194,-13.037689,-25.566437,15.63678,RUNNING
1581740153214,-4.7693176,-31.028809,10.314468,RUNNING
1581740153235,-5.846695,-33.68637,-7.70549,RUNNING
1581740153282,-3.0347137,-31.227524,-15.526154,RUNNING
1581740153282,-7.181473,-28.895569,-17.32779,RUNNING
1581740153303,-3.660797,-32.57187,-4.806122,RUNNING
1581740153327,-4.5634155,-34.360336,14.2517395,RUNNING
1581740153343,-19.12854,-26.35054,18.475098,RUNNING
1581740153370,-29.355377,-17.045471,6.1258087,RUNNING
1581740153382,-30.19693,-12.895126,-6.986038,RUNNING
1581740153403,-32.756332,-5.6143494,-12.970352,RUNNING
1581740153423,-55.741867,13.866074,-11.06337,RUNNING
1581740153443,-78.72859,25.863419,17.900497,RUNNING
1581740153462,-54.858414,30.684143,57.072037,RUNNING
1581740153487,-18.278595,24.823135,40.652603,RUNNING
1581740153495,-1.2438507,22.21585,12.486008,RUNNING
1581740153512,5.9076385,20.705109,1.7947083,RUNNING
1581740153532,9.995743,19.065079,6.8356934,RUNNING
1581740153551,13.865967,17.31253,16.903305,RUNNING
1581740153572,17.088562,15.508499,24.84967,RUNNING
1581740153591,17.932526,14.827347,25.312943,RUNNING
1581740153611,13.312897,16.980927,17.945984,RUNNING
1581740153632,-2.411026,22.574982,10.312073,RUNNING
1581740153651,-13.199295,22.0327,12.560226,RUNNING
1581740153673,-11.318649,19.631302,24.837692,RUNNING
1581740153717,-26.017853,27.28917,44.03441,RUNNING
1581740153719,-58.976425,31.659775,38.07045,RUNNING
1581740153730,-57.38788,21.024734,8.128555,RUNNING
1581740153766,-38.093002,7.3897552,-8.67276,RUNNING
1581740153769,-15.072769,-13.640915,2.2388306,RUNNING
1581740153790,-2.905426,-24.709305,23.809387,RUNNING
1581740153809,-13.007751,-30.511658,11.815628,RUNNING
1581740153830,-10.873337,-31.543564,-14.539749,RUNNING
1581740153849,1.6064606,-27.244766,-26.861511,RUNNING
1581740153896,3.3494263,-27.37645,-21.488922,RUNNING
1581740153899,-1.8412018,-32.21634,-0.13383484,RUNNING
1581740153918,-14.020508,-30.89473,15.26329,RUNNING
1581740153938,-24.471207,-23.026184,8.056732,RUNNING
1581740153968,-26.851028,-14.352005,-2.956604,RUNNING
1581740153977,-34.52446,-0.82714844,-7.613312,RUNNING
1581740153998,-55.4366,12.914383,-2.0132904,RUNNING
1581740154018,-67.590775,19.025574,29.562653,RUNNING
1581740154038,-48.64186,27.921234,54.524597,RUNNING
1581740154059,-25.668304,31.067215,40.616684,RUNNING
1581740154081,-6.818756,26.782791,25.516449,RUNNING
1581740154112,5.7268677,21.601746,14.834717,RUNNING
1581740154113,14.120941,20.361542,6.924286,RUNNING
1581740154143,17.416565,18.885513,8.984482,RUNNING
1581740154147,20.888153,15.678482,5.0412445,RUNNING
1581740154173,24.003006,11.783127,4.355301,RUNNING
1581740154185,15.24144,14.930298,3.5005646,RUNNING
1581740154206,0.6631317,18.383942,9.96492,RUNNING
1581740154226,-5.7293854,21.523926,22.388428,RUNNING
1581740154246,-13.445892,31.329376,24.483353,RUNNING
1581740154266,-37.590225,45.81909,25.713974,RUNNING
1581740154289,-56.564285,42.264893,28.874329,RUNNING
1581740154308,-43.97676,21.324005,21.515747,RUNNING
1581740154351,-31.699295,-2.2265625,11.393066,RUNNING
1581740154353,-10.636307,-19.0542,13.295242,RUNNING
1581740154365,-9.909668,-24.536926,11.806061,RUNNING
1581740154386,-15.088318,-30.500885,1.9203949,RUNNING
1581740154405,-1.624527,-34.7063,-15.635101,RUNNING
1581740154425,5.573639,-33.060287,-25.02275,RUNNING
1581740154446,2.1475525,-36.262527,-8.597336,RUNNING
1581740154466,1.7201843,-37.75891,12.064621,RUNNING
1581740154485,-12.674973,-28.049225,16.241318,RUNNING
1581740154505,-32.142227,-15.689163,1.8425903,RUNNING
1581740154548,-33.852875,-8.73999,-5.605774,RUNNING
1581740154553,-32.929916,-0.62124634,-0.2751007,RUNNING
1581740154590,-58.094177,16.036407,12.114899,RUNNING
1581740154594,-78.49396,32.755127,35.868973,RUNNING
1581740154613,-54.437027,36.524796,45.968918,RUNNING
1581740154633,-16.453018,27.444794,33.36226,RUNNING
1581740154653,4.296341,19.378723,16.498688,RUNNING
1581740154673,8.537674,15.290619,7.075119,RUNNING
1581740154695,12.863983,12.323013,5.1561584,RUNNING
1581740154715,21.588455,10.562073,10.746613,RUNNING
1581740154733,28.935074,9.867767,16.359833,RUNNING
1581740154742,24.296295,9.6008,16.990692,RUNNING
1581740154809,3.8546143,15.80777,11.310455,RUNNING
1581740154809,-0.77578735,18.06311,7.054764,RUNNING
1581740154809,10.371628,18.225922,18.453552,RUNNING
1581740154821,-5.4097595,34.05159,31.485199,RUNNING
1581740154840,-52.963394,49.121887,40.38324,RUNNING
1581740154860,-67.927155,37.578247,32.69307,RUNNING
1581740154880,-46.56369,19.021988,20.955505,RUNNING
1581740154900,-34.258698,-5.704132,14.698257,RUNNING
1581740154923,-10.66983,-22.39891,15.132797,RUNNING
1581740154985,-11.887268,-28.203644,7.8209076,RUNNING
1581740154985,-9.545746,-32.881912,-9.505936,RUNNING
1581740154985,-4.7980347,-35.971634,-19.713608,RUNNING
1581740155000,0.6846924,-42.66223,-9.938095,RUNNING
1581740155019,9.198471,-46.49176,4.3421326,RUNNING
1581740155040,-8.868179,-37.29802,7.284607,RUNNING
1581740155060,-35.840057,-17.865494,-2.4921265,RUNNING
1581740155080,-44.88655,-4.6889954,-3.167282,RUNNING
1581740155104,-38.368332,-1.8446808,8.583466,RUNNING
1581740155124,-44.080902,12.03212,20.523346,RUNNING
1581740155195,-64.08327,33.983353,28.761795,RUNNING
1581740155195,-51.753128,39.357132,31.535477,RUNNING
1581740155195,-18.234299,28.167831,37.456345,RUNNING
1581740155198,0.79122925,19.451752,29.76735,RUNNING
1581740155218,6.700119,14.821365,13.845917,RUNNING
1581740155239,14.17482,11.729248,4.2343903,RUNNING
1581740155259,23.536148,11.547287,-0.8509064,RUNNING
1581740155279,27.868454,10.563278,2.3489532,RUNNING
1581740155303,18.155182,8.127167,11.594162,RUNNING
1581740155323,2.2361298,11.153442,19.329834,RUNNING
1581740155372,2.8095398,12.181747,17.110413,RUNNING
1581740155374,5.2719727,17.320908,10.605362,RUNNING
1581740155379,-11.130707,32.676117,19.220901,RUNNING
1581740155402,-50.408783,43.527832,39.522537,RUNNING
1581740155416,-63.017853,28.993835,35.035797,RUNNING
1581740155437,-46.50743,14.397583,22.736786,RUNNING
1581740155457,-37.535156,-6.300293,9.7578125,RUNNING
1581740155478,-12.160217,-18.85669,3.802246,RUNNING
1581740155500,-5.86705,-25.192947,0.9112396,RUNNING
1581740155516,-3.9708405,-32.195984,-3.597046,RUNNING
1581740155551,3.4116821,-35.66278,-16.535309,RUNNING
1581740155566,9.346909,-34.599762,-21.806152,RUNNING
1581740155585,3.952774,-33.628906,-10.482773,RUNNING
1581740155605,-8.289993,-29.518066,2.8697052,RUNNING
1581740155625,-18.599426,-19.884995,7.167282,RUNNING
1581740155645,-23.761322,-7.603943,4.320587,RUNNING
1581740155665,-30.755981,9.131546,-3.158905,RUNNING
1581740155687,-42.993942,26.163895,-10.25412,RUNNING
1581740155704,-63.086075,30.56923,13.454468,RUNNING
1581740155725,-46.36258,27.671036,51.69345,RUNNING
1581740155767,-19.795319,21.26535,51.81317,RUNNING
1581740155774,1.146759,13.803833,23.748337,RUNNING
1581740155774,12.290588,9.690582,3.7375946,RUNNING
1581740155803,17.173553,8.523407,-3.711975,RUNNING
1581740155815,19.713806,8.7341,0.16186523,RUNNING
1581740155833,21.23053,11.414413,10.078644,RUNNING
1581740155853,19.567749,11.923187,17.786774,RUNNING
1581740155873,12.696396,12.958664,15.190262,RUNNING
1581740155893,8.932709,13.625458,9.0060425,RUNNING
1581740155914,6.2284546,12.736008,9.244263,RUNNING
1581740155954,-1.5263672,18.629333,20.646652,RUNNING
1581740155954,-24.36705,34.832092,37.816666,RUNNING
1581740155973,-43.931274,46.633118,28.852768,RUNNING
1581740156001,-49.36371,39.90062,8.649307,RUNNING
1581740156011,-37.56389,20.56984,13.526291,RUNNING
1581740156031,-24.58731,-4.7261047,10.726273,RUNNING
1581740156051,-11.461105,-18.188705,6.056381,RUNNING
1581740156072,-7.1407776,-24.996613,2.1466522,RUNNING
1581740156094,-1.059494,-29.980148,-6.897461,RUNNING
1581740156115,5.5640717,-29.549194,-16.245605,RUNNING
1581740156150,3.173462,-28.499329,-19.46701,RUNNING
1581740156152,0.61524963,-31.1138,-7.1368713,RUNNING
1581740156171,-6.6595306,-31.78537,7.4569855,RUNNING
1581740156206,-17.50766,-24.703323,9.091034,RUNNING
1581740156221,-26.038208,-17.104126,-0.05961609,RUNNING
1581740156240,-29.3434,-9.3936,-6.764572,RUNNING
1581740156260,-41.62445,2.1548462,-3.688034,RUNNING
1581740156280,-65.77956,17.11621,11.612122,RUNNING
1581740156301,-74.926605,29.66063,49.562622,RUNNING
1581740156323,-41.98239,33.220795,53.645935,RUNNING
1581740156367,-14.282669,26.605621,29.521957,RUNNING
1581740156367,3.8749695,19.294922,8.947372,RUNNING
1581740156379,11.823715,15.949036,0.29234314,RUNNING
1581740156399,13.142914,14.409561,0.81547546,RUNNING
1581740156434,13.652878,13.969025,8.146515,RUNNING
1581740156434,16.377487,12.180557,13.869858,RUNNING
1581740156449,19.266083,8.981903,14.249329,RUNNING
1581740156468,14.899063,7.8446655,11.182373,RUNNING
1581740156488,6.578018,8.866989,8.895905,RUNNING
1581740156508,3.0417786,9.56488,8.682816,RUNNING
1581740156550,1.3299255,11.555664,12.803238,RUNNING
1581740156550,-7.102463,20.389084,23.459839,RUNNING
1581740156567,-29.100388,34.291016,27.122955,RUNNING
1581740156587,-45.960358,39.68036,30.065445,RUNNING
1581740156621,-53.00888,32.836533,23.743546,RUNNING
1581740156627,-44.908096,16.328506,7.7730255,RUNNING
1581740156646,-19.723495,-1.6962433,4.058426,RUNNING
1581740156666,-9.882126,-10.895966,8.354813,RUNNING
1581740156686,-9.471527,-17.976822,10.363556,RUNNING
1581740156707,-7.539398,-25.453903,6.36882,RUNNING
1581740156754,-4.106125,-29.814941,-6.6783905,RUNNING
1581740156754,4.2592316,-26.929932,-21.670883,RUNNING
1581740156767,5.036148,-26.081192,-21.08908,RUNNING
1581740156786,-2.1512604,-27.976196,-3.9777222,RUNNING
1581740156830,-6.145981,-26.761139,9.0850525,RUNNING
1581740156842,-11.154648,-21.170685,7.9813232,RUNNING
1581740156855,-18.28099,-15.772949,-2.4394531,RUNNING
1581740156875,-24.00911,-8.495773,-11.915695,RUNNING
1581740156895,-37.765,4.8135986,-15.455521,RUNNING
1581740156915,-71.976944,22.72342,12.7816925,RUNNING
1581740156945,-72.92265,29.133896,53.477142,RUNNING
1581740156959,-34.68367,27.582458,58.091965,RUNNING
1581740156977,-9.1566925,20.92537,29.736237,RUNNING
1581740156995,4.248459,15.082321,7.7814026,RUNNING
1581740157026,11.476547,11.468277,0.6873779,RUNNING
1581740157026,14.271774,9.016617,2.2172852,RUNNING
1581740157044,13.630142,9.065704,6.5878906,RUNNING
1581740157080,15.416214,10.012604,10.022369,RUNNING
1581740157087,18.79921,10.720093,11.375107,RUNNING
1581740157104,14.343613,12.082397,11.278137,RUNNING
1581740157151,3.0597382,14.201263,13.748947,RUNNING
1581740157151,-5.123657,15.175705,15.960007,RUNNING
1581740157164,-9.0681,18.71074,14.190674,RUNNING
1581740157182,-16.472168,29.612732,15.120834,RUNNING
1581740157203,-37.035965,42.439667,26.538773,RUNNING
1581740157223,-60.420135,38.01758,26.061127,RUNNING
1581740157243,-46.485886,18.031982,16.157516,RUNNING
1581740157287,-23.307617,-5.304306,14.911331,RUNNING
1581740157288,-9.525391,-16.165604,12.0383,RUNNING
1581740157305,-5.3786316,-20.621216,3.2826996,RUNNING
1581740157338,-2.383484,-24.23526,-5.1987762,RUNNING
1581740157341,-1.5898132,-26.469055,-9.787262,RUNNING
1581740157362,2.8634033,-26.836563,-12.823105,RUNNING
1581740157381,8.884827,-27.266312,-15.398071,RUNNING
1581740157402,1.7896118,-27.802612,-4.846817,RUNNING
1581740157422,-10.230484,-26.030914,7.4557953,RUNNING
1581740157443,-17.64293,-19.80838,8.0651245,RUNNING
1581740157471,-20.817642,-13.115387,0.21812439,RUNNING
1581740157514,-21.674774,-5.71611,-10.0781555,RUNNING
1581740157514,-32.865265,2.1213226,-10.694656,RUNNING
1581740157532,-53.279434,15.538422,5.093918,RUNNING
1581740157555,-67.46388,28.453949,29.796082,RUNNING
1581740157569,-51.572372,28.565277,44.09546,RUNNING
1581740157590,-21.288116,21.429352,38.26558,RUNNING
1581740157609,-0.14370728,14.546036,22.545242,RUNNING
1581740157630,7.7703247,11.502991,9.103012,RUNNING
1581740157650,11.786606,9.105209,1.770752,RUNNING
1581740157659,14.76857,8.473129,0.3521881,RUNNING
1581740157679,16.808441,9.412857,2.3824768,RUNNING
1581740157710,18.978775,9.945572,6.560364,RUNNING
1581740157720,15.179184,10.441177,11.226654,RUNNING
1581740157738,5.08284,12.136261,13.10611,RUNNING
1581740157758,-0.57466125,12.473846,13.16835,RUNNING
1581740157778,0.19506836,11.858536,9.8763275,RUNNING
1581740157797,-1.138504,16.949799,9.386719,RUNNING
1581740157818,-15.757507,31.236008,19.291534,RUNNING
1581740157840,-45.80594,44.933243,31.407394,RUNNING
1581740157858,-63.86061,38.88907,24.981354,RUNNING
1581740157881,-43.902542,17.361603,21.828186,RUNNING
1581740157918,-22.838348,-4.7847595,17.979507,RUNNING
1581740157920,-10.717712,-15.270172,8.560715,RUNNING
1581740157953,-4.837555,-21.598053,-1.2758789,RUNNING
1581740157957,0.7194061,-26.727615,-6.783737,RUNNING
1581740157977,1.4065399,-28.717209,-9.357498,RUNNING
1581740157997,1.3490753,-28.72319,-8.18074,RUNNING
1581740158017,2.0541687,-28.58313,-8.284897,RUNNING
1581740158037,-0.25265503,-28.094711,-4.443405,RUNNING
1581740158069,-7.6267853,-27.341736,3.1474304,RUNNING
1581740158088,-12.186554,-24.346588,4.027298,RUNNING
1581740158106,-18.959747,-20.603256,-1.6864777,RUNNING
1581740158180,-26.83548,-15.174408,-5.4417877,RUNNING
1581740158180,-36.017227,-5.1989594,-7.5570526,RUNNING
1581740158180,-64.730896,12.27034,12.093353,RUNNING
1581740158186,-78.01633,25.251694,38.524155,RUNNING
1581740158207,-55.96573,27.371765,49.18553,RUNNING
1581740158226,-21.665192,22.693497,40.945877,RUNNING
1581740158246,-0.9397888,17.876358,21.661789,RUNNING
1581740158276,8.086365,15.892761,7.9346313,RUNNING
1581740158276,13.400284,15.081131,3.805832,RUNNING
1581740158295,14.727875,14.508911,6.0228577,RUNNING
1581740158339,17.720627,12.40921,12.802048,RUNNING
1581740158341,19.366638,9.762405,19.073654,RUNNING
1581740158373,9.587524,8.53418,18.50383,RUNNING
1581740158373,-1.7071228,8.243286,14.079346,RUNNING
1581740158393,-4.0031586,7.443634,8.454178,RUNNING
1581740158413,-1.336029,9.396103,3.7028809,RUNNING
1581740158433,-7.199417,19.91742,9.605789,RUNNING
1581740158453,-29.48825,35.950195,33.599274,RUNNING
1581740158473,-57.3376,33.457825,43.536407,RUNNING
1581740158495,-55.031982,27.45317,19.653046,RUNNING
1581740158538,-38.511993,6.593689,8.462555,RUNNING
1581740158542,-11.871719,-10.39917,9.94577,RUNNING
1581740158576,-6.36026,-18.574173,11.86232,RUNNING
1581740158576,-4.936905,-24.43518,7.5192413,RUNNING
1581740158592,0.4416809,-28.231186,-3.7131653,RUNNING
1581740158612,4.960724,-28.099503,-14.515808,RUNNING
1581740158631,3.0992432,-25.50418,-16.605942,RUNNING
1581740158652,1.2604828,-25.524536,-11.147156,RUNNING
1581740158675,-1.1816101,-26.008163,1.4810638,RUNNING
1581740158692,-4.14682,-22.827469,8.974915,RUNNING
1581740158735,-11.265976,-17.190323,4.07399,RUNNING
1581740158741,-20.156845,-12.084686,-5.676407,RUNNING
1581740158775,-27.206573,-5.7795563,-12.250885,RUNNING
1581740158780,-37.371155,2.4768524,-9.334747,RUNNING
1581740158800,-63.187836,15.373215,12.154419,RUNNING
1581740158819,-71.88597,23.181915,44.47853,RUNNING
1581740158840,-44.553772,24.055786,53.46277,RUNNING
1581740158860,-16.790588,19.612167,33.320343,RUNNING
1581740158882,1.6268005,14.579544,13.205475,RUNNING
1581740158901,9.5911255,13.052048,2.6350708,RUNNING
1581740158911,12.2043915,12.846146,0.5149994,RUNNING
1581740158954,12.714355,14.498138,5.9235077,RUNNING
1581740158955,12.673645,15.106262,12.749374,RUNNING
1581740158968,13.310516,13.132248,17.7341,RUNNING
1581740158990,10.372818,10.443558,18.099213,RUNNING
1581740159007,3.7899628,9.077667,14.053009,RUNNING
1581740159027,0.48835754,7.8961334,8.620575,RUNNING
1581740159048,-1.8519745,8.530594,4.7060547,RUNNING
1581740159067,-5.460037,15.07515,8.042374,RUNNING
1581740159088,-14.777069,28.966309,23.173721,RUNNING
1581740159134,-46.14351,35.446213,45.676834,RUNNING
1581740159134,-59.437317,27.722519,29.871506,RUNNING
1581740159149,-41.60411,9.883316,15.351868,RUNNING
1581740159180,-19.090225,-8.447891,9.739868,RUNNING
1581740159187,-5.2349854,-17.573395,7.37558,RUNNING
1581740159208,-2.5450897,-22.706558,2.7368164,RUNNING
1581740159226,2.3737946,-27.736786,-6.2953186,RUNNING
1581740159247,6.004593,-29.259491,-14.752838,RUNNING
1581740159266,6.226059,-27.249557,-15.881699,RUNNING
1581740159289,3.1016388,-27.345337,-10.341507,RUNNING
1581740159333,-2.1907654,-28.536438,0.5832367,RUNNING
1581740159338,-8.054153,-26.111115,5.968994,RUNNING
1581740159356,-15.594696,-20.756485,0.32226562,RUNNING
1581740159375,-25.894562,-14.877518,-7.5367126,RUNNING
1581740159406,-38.37433,-3.5804749,-9.294052,RUNNING
1581740159415,-59.375076,10.150269,5.32016,RUNNING
1581740159434,-67.84935,20.719467,30.798065,RUNNING
1581740159455,-54.92186,26.013062,45.739075,RUNNING
1581740159483,-29.453537,22.687515,43.14975,RUNNING
1581740159495,-3.9756317,17.396332,25.457794,RUNNING
1581740159535,5.7998962,15.8029785,9.775772,RUNNING
1581740159535,10.789413,15.676086,4.011734,RUNNING
1581740159544,13.133347,16.369217,7.7287292,RUNNING
1581740159565,14.52916,17.602234,12.579376,RUNNING
1581740159586,15.090591,17.3676,14.239761,RUNNING
1581740159636,12.284592,14.824951,14.205048,RUNNING
1581740159636,7.1562195,11.7699585,17.406097,RUNNING
1581740159645,-0.1820221,11.766357,19.15625,RUNNING
1581740159663,-7.4137115,16.054367,18.77797,RUNNING
1581740159683,-16.530823,24.667511,24.443848,RUNNING
1581740159733,-28.862167,29.062073,29.5878,RUNNING
1581740159733,-42.786835,27.010239,25.512863,RUNNING
1581740159742,-45.809525,22.257751,19.995422,RUNNING
1581740159762,-30.262772,1.4329834,21.17337,RUNNING
1581740159781,-13.846924,-12.589859,16.267654,RUNNING
1581740159803,-8.262451,-18.507126,7.1601105,RUNNING
1581740159821,-4.158798,-23.351791,-1.8648376,RUNNING
1581740159842,0.4309082,-27.502151,-10.517487,RUNNING
1581740159863,2.2780304,-31.440613,-12.771622,RUNNING
1581740159883,2.9819183,-34.43216,-9.188705,RUNNING
1581740159934,-1.1253357,-34.286118,-1.426712,RUNNING
1581740159934,-7.6674957,-29.951416,3.6849213,RUNNING
1581740159944,-14.779465,-23.410461,1.0704498,RUNNING
1581740159970,-22.557037,-17.537476,-2.1126404,RUNNING
1581740159990,-33.468613,-8.2000885,-2.2754517,RUNNING
1581740160011,-49.457092,6.629593,0.81307983,RUNNING
1581740160046,-66.742035,21.646027,14.428909,RUNNING
1581740160049,-69.39839,28.815475,34.70659,RUNNING
1581740160070,-56.071075,30.104752,48.399033,RUNNING
1581740160089,-21.431763,22.480408,34.213394,RUNNING
1581740160122,0.42132568,15.835312,15.059769,RUNNING
1581740160133,8.045654,14.016907,4.2200317,RUNNING
1581740160149,15.562256,13.251953,0.4455719,RUNNING
1581740160159,19.001526,13.326172,3.7866821,RUNNING
1581740160178,17.89421,14.538834,8.546356,RUNNING
1581740160198,12.79216,15.884384,11.705505,RUNNING
1581740160219,7.5332947,15.315765,12.226242,RUNNING
1581740160251,5.299515,13.412369,13.480804,RUNNING
1581740160260,3.3913422,10.0569,16.134766,RUNNING
1581740160278,-0.56269836,8.974716,17.13794,RUNNING
1581740160307,-10.067688,16.688843,17.050552,RUNNING
1581740160319,-25.221786,33.862442,27.132538,RUNNING
1581740160337,-58.987198,42.128433,36.563293,RUNNING
1581740160357,-57.065857,33.06398,29.064651,RUNNING
1581740160377,-40.71466,10.441162,24.067963,RUNNING
1581740160398,-21.921371,-8.022919,15.61763,RUNNING
1581740160419,-10.026978,-18.868652,8.000473,RUNNING
1581740160451,-4.197098,-26.928741,4.399597,RUNNING
1581740160457,-1.3551788,-31.903885,-0.86286926,RUNNING
1581740160477,0.47998047,-33.16922,-8.02153,RUNNING
1581740160520,0.29084778,-32.428223,-11.253708,RUNNING
1581740160520,1.5525818,-32.346817,-6.3515778,RUNNING
1581740160536,-3.0742188,-30.279419,1.9754639,RUNNING
1581740160556,-11.134293,-24.550095,3.508957,RUNNING
1581740160586,-19.583435,-19.13562,0.03616333,RUNNING
1581740160608,-23.135239,-17.379456,-3.3588257,RUNNING
1581740160627,-30.72844,-11.542404,-6.1959534,RUNNING
1581740160666,-59.54625,4.1324463,-2.5208588,RUNNING
1581740160669,-78.66156,20.742218,38.73964,RUNNING
1581740160684,-64.65668,27.657867,70.93088,RUNNING
1581740160705,-20.283737,22.722229,42.190872,RUNNING
1581740160724,-4.3886414,18.796936,12.644028,RUNNING
1581740160744,5.086426,15.771866,1.6678009,RUNNING
1581740160765,12.550354,14.027679,-0.42832947,RUNNING
1581740160774,17.371078,13.210068,3.5975342,RUNNING
1581740160794,17.89421,14.200058,11.50679,RUNNING
1581740160813,18.329956,16.952194,13.244965,RUNNING
1581740160833,18.024689,17.713562,9.502838,RUNNING
1581740160861,10.583511,16.949799,19.829025,RUNNING
1581740160873,-7.1443634,15.446243,32.891785,RUNNING
1581740160900,-14.824966,13.017319,25.867203,RUNNING
1581740160912,-19.788132,22.580978,15.317154,RUNNING
1581740160933,-36.10582,36.768997,27.358795,RUNNING
1581740160956,-63.56732,33.22798,44.04039,RUNNING
1581740160971,-52.449844,18.480896,26.040787,RUNNING
1581740160993,-41.62326,-0.8139801,9.861969,RUNNING
1581740161013,-20.19635,-16.168,7.6904297,RUNNING
1581740161032,-6.2309723,-23.842606,8.266235,RUNNING
1581740161057,-2.44693,-27.803818,4.542053,RUNNING
1581740161072,-2.2326508,-29.290619,-3.7023926,RUNNING
1581740161103,-2.8826752,-27.59552,-14.314682,RUNNING
1581740161113,3.2069855,-25.550873,-18.978592,RUNNING
1581740161131,4.711731,-27.945068,-8.37468,RUNNING
1581740161152,-1.1397095,-29.282242,6.05159,RUNNING
1581740161181,-13.459076,-25.10315,13.0737915,RUNNING
1581740161201,-23.792435,-17.448898,6.4526215,RUNNING
1581740161224,-28.740051,-9.03447,-3.7981567,RUNNING
1581740161243,-33.56198,-0.055023193,-6.278549,RUNNING
1581740161261,-43.08612,9.609192,0.7568207,RUNNING
1581740161298,-60.359085,20.99121,27.509628,RUNNING
1581740161331,-52.66652,28.200165,44.154114,RUNNING
1581740161331,-28.155869,25.759277,35.798355,RUNNING
1581740161340,-8.230133,20.08023,24.316956,RUNNING
1581740161361,4.684204,15.346893,15.391373,RUNNING
1581740161390,11.50528,13.204071,8.943787,RUNNING
1581740161390,13.889908,12.879654,7.5874634,RUNNING
1581740161409,12.230728,13.826569,7.904709,RUNNING
1581740161432,12.5252075,13.471039,7.811325,RUNNING
1581740161450,14.41304,12.19014,6.9542084,RUNNING
1581740161469,11.44902,12.926346,13.199478,RUNNING
1581740161540,1.8506622,15.944244,20.706497,RUNNING
1581740161540,-10.59082,23.502731,20.567642,RUNNING
1581740161540,-26.764847,34.47296,17.88852,RUNNING
1581740161548,-41.103714,39.397842,29.90503,RUNNING
1581740161568,-54.99727,27.787155,42.523666,RUNNING
1581740161589,-39.804855,11.305481,24.219986,RUNNING
1581740161607,-32.799423,1.0774536,2.2256622,RUNNING
1581740161627,-16.869614,-9.662949,1.2224884,RUNNING
1581740161648,-3.4513092,-18.161179,9.80809,RUNNING
1581740161670,-4.831558,-23.48587,11.638458,RUNNING
1581740161742,-4.644821,-28.743546,3.3233948,RUNNING
1581740161742,-1.6664276,-28.256317,-12.088089,RUNNING
1581740161742,2.8119354,-25.530518,-20.796997,RUNNING
1581740161747,2.1104279,-27.500946,-12.859024,RUNNING
1581740161766,-4.6424255,-30.198029,2.3992462,RUNNING
1581740161787,-13.296265,-26.915573,13.576569,RUNNING
1581740161806,-21.392258,-19.403763,11.689941,RUNNING
1581740161836,-22.53189,-13.420654,-2.059967,RUNNING
1581740161855,-26.060944,-7.2591705,-11.20343,RUNNING
1581740161876,-39.753387,1.6951447,-8.071808,RUNNING
1581740161897,-71.92906,13.108307,18.766006,RUNNING
1581740161916,-75.316864,26.2836,59.72841,RUNNING
1581740161935,-38.145676,26.260849,52.22258,RUNNING
1581740161955,-5.9077454,22.126068,22.842133,RUNNING
1581740161975,0.2944336,19.102188,7.3935394,RUNNING
1581740161995,5.3198547,16.271042,4.6378174,RUNNING
1581740162017,13.614578,14.176117,5.7678833,RUNNING
1581740162024,19.336716,16.080704,7.0020905,RUNNING
1581740162047,22.827454,18.25943,7.4761505,RUNNING
1581740162067,20.453613,16.570328,10.744232,RUNNING
1581740162083,11.062347,14.429916,17.957962,RUNNING
1581740162104,3.0058594,11.801071,22.724808,RUNNING
1581740162138,-1.8112793,10.493835,17.41806,RUNNING
1581740162142,-9.236893,19.196762,10.498825,RUNNING
1581740162163,-24.118057,37.641693,19.629105,RUNNING
1581740162182,-52.68567,47.61714,45.38832,RUNNING
1581740162206,-71.18446,35.58748,39.840958,RUNNING
1581740162224,-62.42888,16.074722,12.245392,RUNNING
1581740162242,-32.105103,-9.996948,2.165802,RUNNING
1581740162262,-10.107178,-24.31546,7.8532257,RUNNING
1581740162288,-7.1096497,-31.002472,11.791687,RUNNING
1581740162301,-2.9233856,-36.235,-4.324875,RUNNING
1581740162326,3.8773499,-35.860306,-19.602295,RUNNING
1581740162344,-2.513977,-36.273315,-19.434692,RUNNING
1581740162363,-1.2103271,-41.53575,-3.6150055,RUNNING
1581740162382,-3.6979065,-40.68103,14.797607,RUNNING
1581740162401,-21.4581,-29.004517,12.215469,RUNNING
1581740162430,-38.577835,-14.647675,-3.27742,RUNNING
1581740162450,-39.839584,-6.454727,-7.645645,RUNNING
1581740162470,-43.816345,0.47410583,0.3234558,RUNNING
1581740162494,-75.122925,17.999664,22.45906,RUNNING
1581740162509,-72.39114,30.626678,52.551773,RUNNING
1581740162529,-33.614655,28.845398,46.147293,RUNNING
1581740162549,-6.827133,23.131638,21.897614,RUNNING
1581740162571,5.055298,19.72348,7.7131653,RUNNING
1581740162589,10.311768,18.567093,6.54599,RUNNING
1581740162609,13.630127,18.462936,11.201523,RUNNING
1581740162640,16.153625,18.313293,13.377853,RUNNING
1581740162641,18.182709,17.426254,12.9002075,RUNNING
1581740162659,15.805267,14.974579,11.316452,RUNNING
1581740162685,10.502106,12.985001,12.893021,RUNNING
1581740162698,4.2281036,12.148239,21.604324,RUNNING
1581740162718,-6.751709,16.32611,26.176056,RUNNING
1581740162738,-19.614563,26.171066,21.030914,RUNNING
1581740162769,-44.104843,40.41777,20.633469,RUNNING
1581740162777,-62.507874,39.525925,35.58287,RUNNING
1581740162798,-53.560745,18.884323,30.525116,RUNNING
1581740162817,-36.526,-0.7194061,9.767395,RUNNING
1581740162837,-20.161636,-11.836884,-0.14460754,RUNNING
1581740162857,-7.807556,-18.497559,1.2548065,RUNNING
1581740162884,-3.6356506,-26.141037,4.3660736,RUNNING
1581740162897,0.74453735,-33.129715,-0.6306305,RUNNING
1581740162916,-0.8535919,-32.58145,-9.347916,RUNNING
1581740162937,-1.1325226,-33.120148,-12.450806,RUNNING
1581740162967,2.1667023,-33.716293,-4.0136414,RUNNING
1581740162978,-4.253357,-31.381943,4.861679,RUNNING
1581740162996,-21.411407,-24.222092,6.870407,RUNNING
1581740163016,-35.86879,-14.363968,2.2735443,RUNNING
1581740163036,-39.938934,-5.860962,2.2867126,RUNNING
1581740163057,-41.567,4.083359,3.5831757,RUNNING
1581740163085,-58.11931,14.62384,3.470642,RUNNING
1581740163105,-70.61105,22.518723,22.309418,RUNNING
1581740163125,-50.223236,23.59851,42.12024,RUNNING
1581740163145,-18.449783,22.296066,35.150726,RUNNING
1581740163165,-5.328354,21.2043,14.926895,RUNNING
1581740163185,3.6630707,21.10733,5.692459,RUNNING
1581740163207,8.389221,21.48323,6.4609985,RUNNING
1581740163224,10.870819,21.703491,12.090973,RUNNING
1581740163244,12.607819,20.74582,14.476791,RUNNING
1581740163263,16.965256,17.365204,11.539093,RUNNING
1581740163285,11.6633,16.18605,8.986893,RUNNING
1581740163296,0.5829315,18.173248,11.165604,RUNNING
1581740163313,-5.7617035,16.925858,16.241318,RUNNING
1581740163333,-5.9915466,16.753479,18.337433,RUNNING
1581740163353,-12.62468,24.120438,18.24765,RUNNING
1581740163388,-33.204056,38.69754,20.649033,RUNNING
1581740163394,-66.27994,39.64923,34.73532,RUNNING
1581740163412,-60.304016,23.748138,24.364838,RUNNING
1581740163432,-45.609604,2.7857056,5.214813,RUNNING
1581740163452,-22.724625,-13.315308,4.2379913,RUNNING
1581740163482,-5.8754272,-23.235687,9.306503,RUNNING
1581740163502,-2.7689667,-28.52687,11.689941,RUNNING
1581740163521,-2.1763916,-33.099792,0.5042267,RUNNING
1581740163541,0.18908691,-32.50363,-13.193008,RUNNING
1581740163561,3.3518372,-32.150497,-19.274277,RUNNING
1581740163581,2.0386047,-36.359497,-4.1165924,RUNNING
1581740163605,-6.6463623,-35.328796,14.923309,RUNNING
1581740163621,-20.280151,-26.595947,12.403412,RUNNING
1581740163641,-29.493042,-18.295242,-1.589508,RUNNING
1581740163660,-29.80069,-15.915405,-11.4344635,RUNNING
1581740163683,-35.301376,-11.137787,-9.432922,RUNNING
1581740163700,-55.80052,-3.169876,0.89208984,RUNNING
1581740163721,-78.72859,10.740448,36.273605,RUNNING
1581740163740,-70.541626,24.599274,50.892593,RUNNING
1581740163760,-41.294052,29.385284,32.682297,RUNNING
1581740163780,-15.993332,25.544983,18.254837,RUNNING
1581740163800,-4.0941467,20.33879,15.424896,RUNNING
1581740163821,3.3530273,16.614609,14.364258,RUNNING
1581740163840,10.018478,16.910294,11.943726,RUNNING
1581740163859,13.820465,19.433792,10.193558,RUNNING
1581740163890,18.215027,18.3181,10.95491,RUNNING
1581740163890,15.097778,15.242737,12.841553,RUNNING
1581740163908,7.550064,13.970215,14.255325,RUNNING
1581740163929,-1.3659515,13.680527,14.625229,RUNNING
1581740163949,-6.198654,12.72644,13.110886,RUNNING
1581740163969,-12.223663,16.863617,13.417358,RUNNING
1581740163988,-21.454498,27.018616,28.790527,RUNNING
1581740164019,-52.864044,32.702454,45.994064,RUNNING
1581740164028,-67.95949,27.278397,25.187256,RUNNING
1581740164048,-51.766296,10.565659,5.007721,RUNNING
1581740164068,-24.778854,-12.386353,8.790558,RUNNING
1581740164098,-5.8610687,-23.041748,17.149918,RUNNING
1581740164118,-4.9153595,-28.755508,10.346802,RUNNING
1581740164137,-4.438919,-32.757416,-4.2398987,RUNNING
1581740164157,1.438858,-32.359985,-17.757553,RUNNING
1581740164176,9.301422,-30.244705,-25.77095,RUNNING
1581740164197,6.522949,-32.014023,-15.7356415,RUNNING
1581740164216,-3.5746002,-33.627716,5.0687714,RUNNING
1581740164236,-11.265976,-28.280258,15.621216,RUNNING
1581740164257,-19.387115,-18.927322,7.5874786,RUNNING
1581740164287,-20.98285,-15.122925,-5.0706787,RUNNING
1581740164297,-25.01947,-18.20427,-10.440872,RUNNING
1581740164316,-39.50798,-15.958496,-1.431488,RUNNING
1581740164336,-67.16699,1.5383301,17.214554,RUNNING
1581740164356,-78.03427,25.380981,44.540787,RUNNING
1581740164376,-54.05275,28.568863,43.15454,RUNNING
1581740164398,-26.433243,24.206635,32.355484,RUNNING
1581740164417,-5.3104095,18.610184,21.458282,RUNNING
1581740164467,-2.5582733,18.547928,14.8012085,RUNNING
1581740164468,-0.7422638,19.141693,8.605011,RUNNING
1581740164483,9.084747,17.662079,4.8832245,RUNNING
1581740164504,17.347137,18.285767,3.7184448,RUNNING
1581740164514,22.10321,19.795319,6.826111,RUNNING
1581740164524,16.946106,17.33168,12.254974,RUNNING
1581740164543,4.0605164,15.51329,19.605164,RUNNING
1581740164565,0.6906738,11.700516,20.771149,RUNNING
1581740164584,3.636734,8.096039,18.676224,RUNNING
1581740164605,-3.4165802,11.799881,17.2816,RUNNING
1581740164649,-21.587372,22.39183,24.27266,RUNNING
1581740164649,-48.736435,33.411133,45.769012,RUNNING
1581740164663,-71.98532,24.207825,47.48445,RUNNING
1581740164691,-56.235077,12.548065,18.324265,RUNNING
1581740164703,-38.764587,-5.257614,0.36775208,RUNNING
1581740164723,-13.777496,-18.44368,2.268753,RUNNING
1581740164752,-4.6771393,-27.008942,6.091095,RUNNING
1581740164773,-3.5913696,-33.17401,2.9259644,RUNNING
1581740164795,3.5230103,-35.24141,-10.784439,RUNNING
1581740164814,5.3342285,-31.475327,-21.32251,RUNNING
1581740164832,4.0605164,-32.075073,-14.118362,RUNNING
1581740164861,1.0581818,-35.46646,0.4491577,RUNNING
1581740164891,-11.811859,-33.395477,7.1613007,RUNNING
1581740164892,-24.193466,-26.573196,4.7658997,RUNNING
1581740164911,-29.222488,-20.994705,-2.46698,RUNNING
1581740164931,-34.137787,-12.120605,-8.344757,RUNNING
1581740164951,-65.7209,3.763733,-1.1549683,RUNNING
1581740164970,-78.5574,19.037552,40.46704,RUNNING
1581740164990,-63.97792,26.270432,71.31154,RUNNING
1581740165012,-26.212982,24.00792,48.740204,RUNNING
1581740165031,-4.862686,19.237457,16.627975,RUNNING
1581740165061,6.127899,15.179291,4.091934,RUNNING
1581740165086,12.307343,12.716858,-0.056030273,RUNNING
1581740165090,17.149612,12.441528,0.93159485,RUNNING
1581740165110,20.471558,13.054443,6.043213,RUNNING
1581740165139,21.368195,12.76593,8.845627,RUNNING
1581740165140,15.502411,13.75235,6.712387,RUNNING
1581740165160,7.3728943,16.332092,5.7415466,RUNNING
1581740165179,4.249649,15.198441,12.51355,RUNNING
1581740165201,2.5198364,13.848114,24.688065,RUNNING
1581740165220,-15.39119,22.856293,32.33992,RUNNING
1581740165239,-45.61319,34.60106,25.961777,RUNNING
1581740165293,-60.254944,37.176025,19.394485,RUNNING
1581740165293,-54.9422,26.548157,17.845428,RUNNING
1581740165298,-45.778397,6.020279,19.692566,RUNNING
1581740165318,-27.758438,-13.231506,19.149078,RUNNING
1581740165347,-12.740814,-21.376587,8.552338,RUNNING
1581740165367,-5.424118,-23.10759,-1.6888733,RUNNING
1581740165387,-1.3791199,-22.438416,-6.3515778,RUNNING
1581740165408,-1.4772949,-21.48433,-7.075821,RUNNING
1581740165428,-0.4453888,-20.85704,-7.7390137,RUNNING
1581740165448,3.566101,-21.220963,-8.17955,RUNNING
1581740165486,4.01622,-22.88733,-2.3233337,RUNNING
1581740165492,-0.6153717,-23.72409,4.999344,RUNNING
1581740165522,-7.412506,-21.513062,4.1793365,RUNNING
1581740165526,-14.681305,-18.644806,-3.2008057,RUNNING
1581740165546,-18.541962,-18.058228,-10.57016,RUNNING
1581740165566,-25.527039,-14.281372,-7.5714264,RUNNING
1581740165587,-53.73912,-0.41056824,1.2284698,RUNNING
1581740165607,-78.72859,18.915436,25.152527,RUNNING
1581740165627,-67.554855,25.796387,56.80867,RUNNING
1581740165647,-35.26187,24.42929,54.71733,RUNNING
1581740165681,-5.9939423,18.913055,30.145645,RUNNING
1581740165702,5.8430023,15.376816,10.765778,RUNNING
1581740165706,10.308182,12.661789,0.32226562,RUNNING
1581740165725,14.823654,10.250824,-1.1417999,RUNNING
1581740165746,17.07779,9.766006,2.8517456,RUNNING
1581740165764,19.410934,9.649887,7.960968,RUNNING
1581740165775,18.027084,8.801147,9.3125,RUNNING
1581740165794,13.123764,8.980698,4.842514,RUNNING
1581740165817,7.3657074,10.650665,2.7990723,RUNNING
1581740165834,4.632721,11.77594,5.967804,RUNNING
1581740165883,6.1374817,11.240829,16.681854,RUNNING
1581740165884,-3.870285,18.861572,28.567856,RUNNING
1581740165905,-31.681335,35.379166,30.705887,RUNNING
1581740165913,-51.99135,44.84105,33.932068,RUNNING
1581740165933,-50.287872,31.427551,33.483154,RUNNING
1581740165953,-41.59932,17.38794,20.870499,RUNNING
1581740165974,-30.864914,-1.3442993,18.556503,RUNNING
1581740166005,-15.115845,-14.343613,16.028229,RUNNING
1581740166024,-9.989868,-20.572128,8.559525,RUNNING
1581740166046,-8.295975,-24.952316,2.7535858,RUNNING
1581740166085,-6.138794,-27.906769,-5.292145,RUNNING
1581740166087,-0.31370544,-28.93628,-15.444763,RUNNING
1581740166102,7.4207764,-28.880005,-19.56398,RUNNING
1581740166125,3.9431915,-31.997253,-3.8915253,RUNNING
1581740166142,-1.3001251,-31.675247,11.592972,RUNNING
1581740166161,-8.268433,-26.058441,12.134064,RUNNING
1581740166181,-17.54956,-18.74176,0.75561523,RUNNING
1581740166201,-22.244583,-14.762604,-9.555023,RUNNING
1581740166221,-27.266434,-12.814911,-10.244553,RUNNING
1581740166241,-42.790436,-5.074463,-1.3596649,RUNNING
1581740166273,-77.05745,13.260345,25.134583,RUNNING
1581740166280,-76.031525,26.884537,60.694458,RUNNING
1581740166303,-41.206665,28.524567,52.609238,RUNNING
1581740166321,-10.779953,22.352325,23.808182,RUNNING
1581740166341,3.4894867,17.929031,6.968567,RUNNING
1581740166360,9.60788,16.77742,2.399231,RUNNING
1581740166389,14.885895,17.040787,5.2076416,RUNNING
1581740166390,16.959274,17.735107,13.254547,RUNNING
1581740166409,18.246155,16.376404,18.30632,RUNNING
1581740166429,20.02864,12.305054,16.602844,RUNNING
1581740166451,12.600632,11.725662,10.563461,RUNNING
1581740166468,-2.067459,14.253937,8.254257,RUNNING
1581740166488,-5.0661926,13.393219,10.087021,RUNNING
1581740166516,-4.1911163,15.943039,15.853455,RUNNING
1581740166528,-17.326904,26.495483,27.114578,RUNNING
1581740166548,-48.22647,38.983643,38.902435,RUNNING
1581740166568,-64.59442,33.189682,30.845947,RUNNING
1581740166588,-50.359695,18.838837,13.017517,RUNNING
1581740166608,-32.619858,-2.952011,11.462479,RUNNING
1581740166627,-12.700104,-15.697525,16.058167,RUNNING
1581740166656,-6.506302,-21.059357,12.395035,RUNNING
1581740166667,-6.205841,-24.09999,2.6877441,RUNNING
1581740166690,-4.871063,-25.012177,-8.6081085,RUNNING
1581740166719,-1.4677124,-23.22969,-16.984222,RUNNING
1581740166727,4.900879,-21.480728,-18.153793,RUNNING
1581740166747,5.2827606,-22.724518,-12.182648,RUNNING
1581740166767,1.0162811,-23.28476,-1.2411499,RUNNING
1581740166787,-4.090561,-20.670303,6.3496704,RUNNING
1581740166806,-8.9879,-15.922592,5.3608704,RUNNING
1581740166836,-11.719681,-13.254257,-1.596695,RUNNING
1581740166874,-15.152969,-14.137711,-10.240952,RUNNING
1581740166876,-25.003906,-12.213974,-10.934082,RUNNING
1581740166896,-48.559265,1.0151978,3.4514923,RUNNING
1581740166916,-66.463104,19.541534,31.555832,RUNNING
1581740166935,-57.377106,25.328308,46.8452,RUNNING
1581740166955,-31.869278,23.908554,37.40486,RUNNING
1581740166975,-11.672989,20.02037,24.659332,RUNNING
1581740166994,-0.4166565,16.65532,13.303635,RUNNING
1581740167014,2.8681946,15.035645,7.9669495,RUNNING
1581740167024,5.4168243,14.025284,7.300171,RUNNING
1581740167043,8.675339,15.284637,7.3432617,RUNNING
1581740167063,13.666046,16.348862,7.498886,RUNNING
1581740167083,17.039474,15.0164795,8.232712,RUNNING
1581740167104,15.097778,13.408783,8.330872,RUNNING
1581740167126,7.4279633,13.334564,10.919006,RUNNING
1581740167142,3.8055267,12.21048,15.39975,RUNNING
1581740167163,5.5915985,10.639877,15.208221,RUNNING
1581740167182,-0.26461792,15.685669,15.948029,RUNNING
1581740167202,-21.5,28.81427,31.268524,RUNNING
1581740167223,-51.22879,38.635284,50.375443,RUNNING
1581740167246,-63.54338,30.528519,41.299026,RUNNING
1581740167262,-52.170914,19.28894,15.590088,RUNNING
1581740167282,-31.749573,-1.2437439,9.148499,RUNNING
1581740167301,-13.334579,-15.628113,13.323975,RUNNING
1581740167332,-7.490326,-23.05133,12.796066,RUNNING
1581740167341,-6.411743,-27.017319,5.787033,RUNNING
1581740167365,-5.5953064,-28.664536,-5.5962067,RUNNING
1581740167382,-0.7889557,-27.53566,-17.126678,RUNNING
1581740167402,6.2272644,-28.16774,-20.336105,RUNNING
1581740167432,6.312256,-32.43181,-6.8316193,RUNNING
1581740167450,0.31956482,-33.935364,6.520859,RUNNING
1581740167473,-9.987473,-29.658127,8.570297,RUNNING
1581740167493,-19.962921,-24.366943,-0.07518005,RUNNING
1581740167512,-24.881805,-21.785995,-8.956467,RUNNING
1581740167530,-30.23285,-16.003998,-7.257782,RUNNING
1581740167550,-56.41942,-1.0749512,5.411148,RUNNING
1581740167572,-78.72859,22.707855,44.5755,RUNNING
1581740167591,-66.89525,33.3058,67.88664,RUNNING
1581740167610,-32.29785,30.809845,50.701065,RUNNING
1581740167640,-6.1962585,22.547455,27.446182,RUNNING
1581740167641,6.9467163,17.097046,7.4976807,RUNNING
1581740167673,9.558792,14.384415,-0.93229675,RUNNING
1581740167680,12.066727,11.554474,0.08164978,RUNNING
1581740167700,13.824066,9.373352,5.790619,RUNNING
1581740167720,18.07019,8.659882,8.715134,RUNNING
1581740167739,21.480728,8.294769,8.927032,RUNNING
1581740167759,16.621689,9.597214,10.39946,RUNNING
1581740167799,7.0257263,13.718826,13.260529,RUNNING
1581740167799,1.9380493,15.781433,13.897385,RUNNING
1581740167818,-4.5646057,19.552307,18.42482,RUNNING
1581740167857,-18.47731,26.14833,26.909882,RUNNING
1581740167864,-33.820557,32.3972,35.645126,RUNNING
1581740167882,-47.91162,25.841873,38.342194,RUNNING
1581740167898,-42.3918,20.460907,18.847412,RUNNING
1581740167917,-33.536835,5.305603,7.6461334,RUNNING
1581740167937,-12.203308,-7.7846985,10.747818,RUNNING
1581740167958,-7.3179474,-15.458115,9.641693,RUNNING
1581740167987,-4.64122,-23.714523,7.604233,RUNNING
1581740167997,0.5709686,-29.11464,-2.3999481,RUNNING
1581740168017,3.9635468,-26.713257,-16.866913,RUNNING
1581740168045,4.557312,-25.104355,-22.280197,RUNNING
1581740168058,2.3354797,-30.809738,-5.337631,RUNNING
1581740168088,0.011917114,-34.01796,14.863449,RUNNING
1581740168108,-12.044098,-28.806992,18.496658,RUNNING
1581740168128,-24.018692,-21.09407,4.786255,RUNNING
1581740168149,-28.404877,-16.287704,-8.250183,RUNNING
1581740168166,-30.899628,-14.529175,-9.191101,RUNNING
1581740168186,-48.805862,-5.9232025,8.458969,RUNNING
1581740168229,-78.7274,19.74504,39.858917,RUNNING
1581740168229,-75.17441,37.427414,42.261505,RUNNING
1581740168257,-34.748306,30.636261,29.088608,RUNNING
1581740168265,-3.7290344,21.156418,18.327866,RUNNING
1581740168274,7.273529,20.726654,9.604584,RUNNING
1581740168294,12.854416,22.536682,4.442688,RUNNING
1581740168314,14.712311,22.609695,7.904709,RUNNING
1581740168334,15.4305725,20.737427,13.491577,RUNNING
1581740168355,16.985611,15.361252,14.873032,RUNNING
1581740168374,13.091431,9.618759,15.858246,RUNNING
1581740168395,0.87861633,8.935211,16.065338,RUNNING
1581740168418,-8.857407,8.445602,14.367844,RUNNING
1581740168433,-8.803543,9.388916,11.444534,RUNNING
1581740168458,-17.434647,19.42421,8.923431,RUNNING
1581740168473,-42.091324,34.05278,16.463974,RUNNING
1581740168493,-64.59921,33.955826,21.15422,RUNNING
1581740168512,-57.325638,21.81363,4.896393,RUNNING
1581740168533,-38.376724,1.371933,-2.1557312,RUNNING
1581740168552,-18.030792,-12.55275,5.4757843,RUNNING
1581740168574,-6.987549,-21.537003,12.165192,RUNNING
1581740168614,-0.65008545,-28.750732,9.859573,RUNNING
1581740168614,3.4930878,-32.940582,-3.340866,RUNNING
1581740168650,11.867996,-31.159286,-18.619461,RUNNING
1581740168651,14.131714,-30.316528,-21.095078,RUNNING
1581740168682,-1.2127228,-32.102615,-5.980484,RUNNING
1581740168701,-11.609543,-30.379974,10.877106,RUNNING
1581740168721,-17.021637,-21.92366,11.444534,RUNNING
1581740168745,-22.633652,-12.464172,-1.8432922,RUNNING
1581740168761,-31.593948,-2.7604675,-11.436859,RUNNING
1581740168781,-41.91295,3.1328735,-5.355591,RUNNING
1581740168801,-60.451263,15.125427,17.916061,RUNNING
1581740168821,-65.86096,29.68576,32.897766,RUNNING
1581740168877,-42.639603,29.412827,23.279068,RUNNING
1581740168877,-15.8377075,21.277328,13.187515,RUNNING
1581740168891,-1.4712982,14.70285,10.030746,RUNNING
1581740168891,2.9340363,12.422363,9.586639,RUNNING
1581740168910,5.842987,10.647079,9.041962,RUNNING
1581740168932,9.604279,10.659042,8.187225,RUNNING
1581740168952,13.524796,12.021347,7.842453,RUNNING
1581740168969,18.479599,11.718475,7.3276978,RUNNING
1581740168988,16.8647,9.945572,7.02005,RUNNING
1581740169008,9.322968,10.601578,10.612549,RUNNING
1581740169034,2.1475372,12.750381,11.167999,RUNNING
1581740169053,0.46920776,13.004166,11.172791,RUNNING
1581740169068,5.501816,18.158875,10.948929,RUNNING
1581740169088,-10.444763,33.46501,22.964233,RUNNING
1581740169108,-61.27487,48.189346,42.220795,RUNNING
1581740169128,-78.05344,39.84915,42.65654,RUNNING
1581740169148,-60.32437,15.8029785,18.885712,RUNNING
1581740169167,-33.55121,-7.0700226,0.79512024,RUNNING
1581740169189,-12.88327,-19.559387,0.5832367,RUNNING
1581740169207,-5.233795,-29.84607,5.3345337,RUNNING
1581740169240,-2.1476593,-38.14438,3.845337,RUNNING
1581740169248,1.141983,-39.22296,-4.60141,RUNNING
1581740169273,-0.03477478,-36.727005,-14.813889,RUNNING
1581740169288,-1.5874176,-35.212677,-12.304764,RUNNING
1581740169306,-5.407364,-35.00917,-1.6194458,RUNNING
1581740169337,-17.54837,-30.60025,3.7519684,RUNNING
1581740169356,-33.16095,-21.732117,2.4136047,RUNNING
1581740169376,-42.772476,-8.148621,-2.6501465,RUNNING
1581740169396,-51.322174,3.5051727,-7.140457,RUNNING
1581740169416,-73.8528,12.142242,9.204758,RUNNING
1581740169437,-66.52655,19.99762,46.83203,RUNNING
1581740169456,-42.71263,26.013062,51.044632,RUNNING
1581740169496,-18.011642,25.361832,23.2659,RUNNING
1581740169497,-0.12336731,22.84552,8.208771,RUNNING
1581740169516,7.802643,22.346329,7.1134186,RUNNING
1581740169524,11.658508,21.595764,13.79924,RUNNING
1581740169545,11.062347,23.113678,17.523407,RUNNING
1581740169565,13.943771,22.432526,13.566986,RUNNING
1581740169584,14.553101,17.921844,7.8280945,RUNNING
1581740169604,7.874481,15.419907,7.506073,RUNNING
1581740169649,-4.347931,15.617432,13.578964,RUNNING
1581740169649,-9.762421,16.093887,18.688187,RUNNING
1581740169666,-14.48259,21.771729,18.129135,RUNNING
1581740169688,-38.382706,34.92427,18.193787,RUNNING
1581740169703,-59.613297,37.019196,29.410614,RUNNING
1581740169722,-59.914963,26.754059,27.085846,RUNNING
1581740169743,-45.920853,4.499954,13.222229,RUNNING
1581740169763,-24.30719,-12.41748,10.47847,RUNNING
1581740169782,-9.609192,-20.246521,11.716278,RUNNING
1581740169805,-4.2150574,-23.884506,9.459732,RUNNING
1581740169849,-3.0419006,-27.662567,0.08164978,RUNNING
1581740169849,-3.383072,-29.500107,-12.05217,RUNNING
1581740169863,2.335495,-32.41864,-17.58876,RUNNING
1581740169886,8.506546,-38.118042,-5.1532745,RUNNING
1581740169901,-0.29693604,-38.383804,11.248199,RUNNING
1581740169932,-17.887146,-30.597855,14.036255,RUNNING
1581740169951,-29.913223,-20.518265,1.382904,RUNNING
1581740169971,-28.880127,-17.538681,-9.532272,RUNNING
1581740169993,-36.335663,-11.859634,-0.7826538,RUNNING
1581740170013,-69.24037,9.0681,8.523605,RUNNING
1581740170045,-77.90738,32.86406,34.311554,RUNNING
1581740170051,-50.95227,34.524445,45.6445,RUNNING
1581740170070,-21.144455,27.797928,35.206985,RUNNING
1581740170090,-3.351944,20.662018,21.840164,RUNNING
1581740170114,8.524506,16.535614,12.506363,RUNNING
1581740170143,15.380295,15.531235,9.617752,RUNNING
1581740170143,18.10849,17.62497,7.92865,RUNNING
1581740170160,21.763245,17.781784,9.256226,RUNNING
1581740170180,19.98674,16.804962,15.360245,RUNNING
1581740170200,9.179321,17.052765,21.042892,RUNNING
1581740170247,-1.8962708,16.211197,20.653824,RUNNING
1581740170248,-4.012741,15.299011,14.562973,RUNNING
1581740170259,-8.859802,23.153183,13.571777,RUNNING
1581740170279,-35.70958,36.496063,25.891144,RUNNING
1581740170299,-66.469086,34.823715,46.270584,RUNNING
1581740170332,-56.70195,20.670395,28.831223,RUNNING
1581740170338,-44.25688,1.9345703,8.488892,RUNNING
1581740170357,-20.014389,-15.24144,7.7335205,RUNNING
1581740170378,-5.802414,-22.854996,10.904648,RUNNING
1581740170398,-7.378998,-26.218857,4.814987,RUNNING
1581740170429,-6.4775696,-29.567139,-4.988083,RUNNING
1581740170437,-0.7159271,-29.249924,-18.425537,RUNNING
1581740170458,7.518936,-28.113861,-25.468079,RUNNING
1581740170478,4.989456,-31.797348,-12.067734,RUNNING
1581740170498,-3.664383,-33.3871,5.016098,RUNNING
1581740170534,-14.135422,-27.587143,11.1883545,RUNNING
1581740170542,-24.332336,-19.832321,3.7950592,RUNNING
1581740170557,-25.893356,-13.1249695,-6.1145477,RUNNING
1581740170587,-29.420013,-8.7052765,-6.701126,RUNNING
1581740170606,-61.01271,3.1807556,12.136459,RUNNING
1581740170647,-78.72859,23.391403,44.63176,RUNNING
1581740170647,-63.794754,32.573166,52.10765,RUNNING
1581740170666,-20.053894,26.210587,31.971222,RUNNING
1581740170686,-2.165619,19.056702,12.168777,RUNNING
1581740170705,4.879318,15.391174,3.730423,RUNNING
1581740170726,10.700821,13.8134,1.2464294,RUNNING
1581740170759,15.289322,15.300201,3.2683258,RUNNING
1581740170771,18.510712,16.103455,5.605072,RUNNING
1581740170774,18.325165,15.704819,6.343689,RUNNING
1581740170794,11.887161,17.705185,11.290115,RUNNING
1581740170821,1.4987183,18.24028,20.086395,RUNNING
1581740170834,-3.4584808,15.637787,23.716019,RUNNING
1581740170854,-9.163864,17.25148,13.933304,RUNNING
1581740170874,-17.896729,24.216202,5.720001,RUNNING
1581740170894,-37.419037,32.665344,16.735718,RUNNING
1581740170913,-46.551727,26.002289,35.593643,RUNNING
1581740170933,-42.199066,16.47934,27.504837,RUNNING
1581740170953,-40.70508,5.1966705,8.248276,RUNNING
1581740170973,-23.427322,-7.11911,3.4191742,RUNNING
1581740170994,-7.6770782,-15.316864,8.366791,RUNNING
1581740171031,-3.877472,-21.680649,10.024765,RUNNING
1581740171033,-0.307724,-27.09993,3.7244263,RUNNING
1581740171052,1.6232147,-27.29744,-10.622833,RUNNING
1581740171073,4.545334,-23.97908,-21.524826,RUNNING
1581740171093,5.1211395,-25.669388,-16.055283,RUNNING
1581740171113,-0.100616455,-29.806564,1.2380524,RUNNING
1581740171134,-9.4930725,-26.986206,13.813599,RUNNING
1581740171167,-20.75061,-17.952866,12.299271,RUNNING
1581740171181,-25.11763,-10.6362,-0.5863342,RUNNING
1581740171201,-28.941177,-6.2117004,-6.993225,RUNNING
1581740171252,-40.320816,0.31729126,0.9507446,RUNNING
1581740171252,-66.25481,15.804184,26.293365,RUNNING
1581740171262,-55.63652,25.088898,43.147354,RUNNING
1581740171282,-33.963013,27.848206,39.0401,RUNNING
1581740171301,-15.943054,25.658722,23.675308,RUNNING
1581740171320,-2.9150085,19.68518,10.904633,RUNNING
1581740171340,5.0014343,14.810593,7.024826,RUNNING
1581740171363,11.698013,12.524124,7.0607452,RUNNING
1581740171392,15.661621,12.248795,9.363968,RUNNING
1581740171392,17.873856,10.791916,12.225037,RUNNING
1581740171423,16.82161,7.0545654,12.590149,RUNNING
1581740171434,11.226349,6.6786804,11.296097,RUNNING
1581740171450,6.182968,7.4771423,10.920197,RUNNING
1581740171470,2.272049,7.665085,11.936539,RUNNING
1581740171489,-2.3212433,9.24527,10.927383,RUNNING
1581740171510,-8.79277,16.904312,10.261795,RUNNING
1581740171529,-30.553665,31.604721,22.472229,RUNNING
1581740171549,-51.84291,33.91632,44.405502,RUNNING
1581740171569,-59.902985,28.83104,25.662506,RUNNING
1581740171617,-51.54364,16.832489,8.7378845,RUNNING
1581740171619,-29.627121,0.055114746,5.960617,RUNNING
1581740171629,-13.14064,-11.651337,9.9709015,RUNNING
1581740171669,-9.238098,-19.881409,9.19278,RUNNING
1581740171670,-4.6867065,-26.324203,3.0803833,RUNNING
1581740171689,1.062973,-29.337296,-5.933792,RUNNING
1581740171708,5.283951,-27.017319,-15.263992,RUNNING
1581740171728,6.7097015,-24.371735,-21.388367,RUNNING
1581740171748,1.1288147,-26.0764,-10.561783,RUNNING
1581740171768,-2.9305725,-27.910355,6.7842255,RUNNING
1581740171819,-5.2828674,-24.68776,12.442917,RUNNING
1581740171821,-12.211685,-18.763306,3.4945831,RUNNING
1581740171856,-20.842789,-14.580643,-9.805206,RUNNING
1581740171866,-28.651474,-14.020401,-9.814789,RUNNING
1581740171876,-36.828873,-8.315018,-2.2503052,RUNNING
1581740171897,-69.04764,11.073242,19.17421,RUNNING
1581740171916,-75.438965,28.27916,45.80252,RUNNING
1581740171936,-43.931274,29.157837,42.625412,RUNNING
1581740171956,-18.09903,24.237762,26.572296,RUNNING
1581740171975,-2.5953827,18.727493,13.420944,RUNNING
1581740171996,4.6698303,15.895157,6.964981,RUNNING
1581740172043,8.688507,15.158951,4.348114,RUNNING
1581740172043,12.4809265,15.872421,6.8823853,RUNNING
1581740172045,17.519516,16.65532,10.225891,RUNNING
1581740172065,19.631195,14.66214,12.582977,RUNNING
1581740172085,10.047211,13.641022,14.640793,RUNNING
1581740172104,1.0893097,13.521317,14.8849945,RUNNING
1581740172124,2.88974,11.625107,13.037872,RUNNING
1581740172144,1.019867,13.075989,11.418198,RUNNING
1581740172165,-11.799881,21.602936,17.262436,RUNNING
1581740172184,-34.138977,32.865265,33.254517,RUNNING
1581740172260,-51.761505,32.164963,46.61296,RUNNING
1581740172260,-54.24669,25.31395,27.987274,RUNNING
1581740172260,-48.414413,12.896423,5.9426575,RUNNING
1581740172263,-22.742584,-5.4335938,6.4669952,RUNNING
1581740172283,-7.475952,-16.127289,13.238983,RUNNING
1581740172303,-7.26886,-22.513824,11.256592,RUNNING
1581740172324,-3.5710144,-28.69925,2.560852,RUNNING
1581740172343,-0.8069153,-29.385193,-9.131241,RUNNING
1581740172363,1.8925629,-25.50299,-18.273514,RUNNING
1581740172384,2.6347656,-23.985062,-16.561646,RUNNING
1581740172402,-0.85957336,-25.784302,-3.1493225,RUNNING
1581740172452,-3.339981,-25.677765,6.60466,RUNNING
1581740172452,-7.419693,-21.185043,8.407486,RUNNING
1581740172471,-13.65181,-15.816055,2.0568695,RUNNING
1581740172492,-18.945389,-12.925049,-6.352768,RUNNING
1581740172511,-24.808777,-9.589935,-9.516708,RUNNING
1581740172531,-44.83748,-0.4416809,-4.5607147,RUNNING
1581740172555,-75.59938,12.715652,28.14769,RUNNING
1581740172573,-69.10031,23.906158,62.396744,RUNNING
1581740172593,-38.829224,26.118393,47.97885,RUNNING
1581740172639,-11.3414,22.05664,19.534546,RUNNING
1581740172647,0.2585144,17.371185,5.5128937,RUNNING
1581740172647,3.2560577,14.332947,1.9180145,RUNNING
1581740172678,8.010941,10.776352,3.4814148,RUNNING
1581740172680,11.2239685,10.129929,9.159271,RUNNING
1581740172700,14.893066,11.228867,13.1575775,RUNNING
1581740172719,17.785278,12.038101,13.764511,RUNNING
1581740172739,15.620911,11.570038,12.4944,RUNNING
1581740172760,9.5121155,10.572845,12.489609,RUNNING
1581740172780,3.1531067,9.6427,13.262924,RUNNING
1581740172813,-0.73986816,11.002609,10.085831,RUNNING
1581740172819,-5.680298,17.124588,10.458115,RUNNING
1581740172841,-20.261002,26.995865,24.067963,RUNNING
1581740172882,-40.029907,32.125458,45.397903,RUNNING
1581740172882,-50.08197,24.259308,35.910873,RUNNING
1581740172898,-43.6727,23.524292,3.0815887,RUNNING
1581740172919,-35.995697,7.056961,-3.418686,RUNNING
1581740172938,-10.777557,-12.261856,13.918945,RUNNING
1581740172958,-4.940506,-20.00351,19.061691,RUNNING
1581740172980,-7.5334167,-26.934723,7.755066,RUNNING
1581740173013,-5.340332,-32.24626,-9.137222,RUNNING
1581740173023,2.1451569,-30.831284,-20.308578,RUNNING
1581740173039,7.834961,-30.298584,-21.80017,RUNNING
1581740173076,-2.2745514,-31.50885,-7.901825,RUNNING
1581740173079,-13.102325,-30.56314,6.395157,RUNNING
1581740173098,-16.193237,-25.212097,7.8867493,RUNNING
1581740173118,-20.299301,-19.80838,-5.6536713,RUNNING
1581740173140,-29.380508,-15.641266,-12.2509,RUNNING
1581740173158,-42.114075,-10.111862,6.6944275,RUNNING
1581740173177,-65.07446,8.834656,35.56253,RUNNING
1581740173214,-76.23384,28.85019,48.250595,RUNNING
1581740173216,-57.59738,36.12497,38.311066,RUNNING
1581740173238,-25.327118,27.633926,27.728699,RUNNING
1581740173276,-2.2326508,18.987274,16.108429,RUNNING
1581740173276,3.8917236,16.420685,6.7925873,RUNNING
1581740173295,10.864838,14.550812,2.4255676,RUNNING
1581740173315,14.918213,15.500122,2.134674,RUNNING
1581740173335,19.462418,16.623001,7.581497,RUNNING
1581740173358,23.04892,15.297806,13.310822,RUNNING
1581740173377,15.355164,12.646225,15.297989,RUNNING
1581740173404,2.4360504,12.313431,15.24173,RUNNING
1581740173416,-1.470108,12.961075,12.089767,RUNNING
1581740173434,-4.932129,17.996078,11.263779,RUNNING
1581740173455,-23.9337,27.687805,26.381958,RUNNING
1581740173474,-44.459198,32.539658,49.644028,RUNNING
1581740173503,-60.830734,27.376556,35.263245,RUNNING
1581740173524,-56.417038,25.120026,0.43598938,RUNNING
1581740173543,-38.494034,4.6555786,-8.683533,RUNNING
1581740173563,-13.304642,-16.018356,13.776489,RUNNING
1581740173584,-3.660797,-25.386871,25.74031,RUNNING
1581740173633,-4.0941467,-30.722351,10.432983,RUNNING
1581740173634,-1.375534,-31.01445,-9.732193,RUNNING
1581740173646,0.8043976,-26.573196,-20.145767,RUNNING
1581740173662,5.268387,-25.319824,-20.70961,RUNNING
1581740173689,5.489853,-29.841278,-14.0824585,RUNNING
1581740173692,-2.490036,-34.554276,2.497406,RUNNING
1581740173711,-9.855789,-31.833252,10.211517,RUNNING
1581740173731,-17.460983,-25.564041,2.8050537,RUNNING
1581740173751,-24.443665,-21.110825,-8.372284,RUNNING
1581740173771,-31.426361,-19.977173,-12.997879,RUNNING
1581740173814,-42.566574,-17.482407,-9.345535,RUNNING
1581740173814,-74.46452,2.2709503,26.417862,RUNNING
1581740173833,-78.61487,37.363968,59.4411,RUNNING
1581740173851,-65.29353,41.79564,49.421356,RUNNING
1581740173898,-16.674484,26.524216,25.839676,RUNNING
1581740173899,1.469986,18.579056,12.268143,RUNNING
1581740173922,9.544434,14.846497,6.6728973,RUNNING
1581740173940,14.76619,12.180557,5.9474487,RUNNING
1581740173960,16.82161,12.515747,8.66008,RUNNING
1581740173980,19.764084,12.976624,10.023575,RUNNING
1581740174015,21.368195,10.910431,8.26622,RUNNING
1581740174020,15.277344,9.4930725,4.3217773,RUNNING
1581740174039,6.8162384,9.629532,0.6335144,RUNNING
1581740174059,6.5037994,8.334274,1.279953,RUNNING
1581740174079,10.194458,6.4691925,9.272995,RUNNING
1581740174114,0.36146545,14.841721,19.152664,RUNNING
1581740174119,-41.039078,38.152863,37.384506,RUNNING
1581740174138,-78.72859,46.319473,51.182297,RUNNING
1581740174158,-70.81935,29.086014,28.365555,RUNNING
1581740174178,-55.80771,12.94072,-2.1688995,RUNNING
1581740174207,-31.396423,-5.730484,2.19693,RUNNING
1581740174218,-18.401901,-19.410934,14.281662,RUNNING
1581740174239,-13.090363,-26.932327,14.425308,RUNNING
1581740174259,-8.266037,-30.927048,4.8054047,RUNNING
1581740174285,-2.0387268,-33.83481,-8.840347,RUNNING
1581740174298,9.988556,-33.56067,-19.511307,RUNNING
1581740174321,16.250595,-31.988876,-23.732285,RUNNING
1581740174326,5.779541,-30.73433,-16.961487,RUNNING
1581740174347,-6.533844,-28.944656,-4.320099,RUNNING
1581740174366,-13.903183,-25.53891,2.2148895,RUNNING
1581740174415,-19.400284,-21.72853,-0.700058,RUNNING
1581740174415,-24.716614,-19.343903,-6.280945,RUNNING
1581740174427,-32.202072,-17.031097,-5.48967,RUNNING
1581740174448,-48.584396,-8.824982,0.20135498,RUNNING
1581740174465,-76.77014,12.720444,29.470474,RUNNING
1581740174494,-76.32483,27.353806,52.132797,RUNNING
1581740174530,-44.346664,29.118332,46.82605,RUNNING
1581740174530,-11.881287,22.549835,28.081848,RUNNING
1581740174545,3.20578,18.63533,14.602493,RUNNING
1581740174564,8.736389,17.300552,7.425873,RUNNING
1581740174593,11.386765,17.120987,4.952652,RUNNING
1581740174606,17.798431,17.914673,6.482544,RUNNING
1581740174627,22.641907,18.041565,8.79895,RUNNING
1581740174645,21.859009,16.280624,9.299332,RUNNING
1581740174665,14.440582,14.172531,10.588608,RUNNING
1581740174684,4.0102234,12.987396,14.325958,RUNNING
1581740174703,2.6934204,10.712906,18.001053,RUNNING
1581740174723,-0.17364502,13.844528,18.750443,RUNNING
1581740174743,-17.067123,28.331833,28.414627,RUNNING
1581740174763,-54.42865,44.832687,39.51654,RUNNING
1581740174802,-77.46207,41.379044,40.939896,RUNNING
1581740174806,-61.873413,15.659332,29.743408,RUNNING
1581740174828,-35.17328,-15.347992,17.403702,RUNNING
1581740174843,-10.977478,-28.370056,6.122223,RUNNING
1581740174863,-4.928528,-29.849655,-2.695633,RUNNING
1581740174883,-2.9820404,-29.834106,-11.077728,RUNNING
1581740174916,-1.466507,-29.503708,-12.951187,RUNNING
1581740174927,-1.0702667,-29.822128,-8.386642,RUNNING
1581740174952,1.7177887,-31.337662,-1.699646,RUNNING
1581740174972,0.94566345,-30.511658,3.216858,RUNNING
1581740175015,-9.985077,-26.221252,1.348175,RUNNING
1581740175015,-19.931793,-20.732544,-2.6812592,RUNNING
1581740175032,-25.23494,-15.150452,-2.901535,RUNNING
1581740175051,-34.30777,-5.7807465,-2.2036285,RUNNING
1581740175071,-64.07968,10.207733,6.268265,RUNNING
1581740175091,-76.372696,23.192688,42.42549,RUNNING
1581740175135,-52.864044,27.729706,60.385605,RUNNING
1581740175136,-21.406616,24.458023,39.037704,RUNNING
1581740175141,-1.9896393,19.566666,16.180267,RUNNING
1581740175163,6.269165,16.982132,5.435089,RUNNING
1581740175192,10.876801,15.37442,2.4746552,RUNNING
1581740175204,13.604996,14.823761,5.040039,RUNNING
1581740175219,18.635208,14.229996,7.339676,RUNNING
1581740175240,23.68219,12.343369,7.5359955,RUNNING
1581740175259,17.830765,11.346176,5.394394,RUNNING
1581740175279,7.4519043,13.200485,5.500931,RUNNING
1581740175303,1.0845184,13.23999,12.51474,RUNNING
1581740175343,-0.62135315,16.022049,17.96634,RUNNING
1581740175343,-9.807907,27.510635,14.973587,RUNNING
1581740175360,-34.462204,44.59326,31.327179,RUNNING
1581740175389,-69.847305,43.769653,48.419388,RUNNING
1581740175399,-56.183594,23.49794,30.491608,RUNNING
1581740175418,-37.6429,-3.0178528,15.070541,RUNNING
1581740175438,-15.61026,-23.757614,13.637619,RUNNING
1581740175458,-5.498337,-31.101822,13.374252,RUNNING
1581740175478,-6.1962585,-33.935364,-0.50253296,RUNNING
1581740175500,-3.1831512,-31.258652,-18.504547,RUNNING
1581740175538,1.3059845,-26.868881,-28.135223,RUNNING
1581740175547,3.236908,-27.909164,-19.280273,RUNNING
1581740175567,1.276062,-30.73552,-2.0707397,RUNNING
1581740175592,-9.18782,-28.319763,5.719986,RUNNING
1581740175607,-21.24501,-22.929214,3.5292969,RUNNING
1581740175626,-25.01947,-19.27089,-2.1725006,RUNNING
1581740175647,-25.377396,-18.282074,-3.127777,RUNNING
1581740175668,-40.084976,-9.690491,-0.26670837,RUNNING
1581740175687,-76.14285,9.00705,30.229446,RUNNING
1581740175707,-72.394745,24.480759,59.42433,RUNNING
1581740175730,-43.998306,28.433594,50.470016,RUNNING
1581740175793,-18.67244,25.965164,26.92424,RUNNING
1581740175793,-1.8172607,21.365906,10.842392,RUNNING
1581740175795,2.6922302,19.697159,6.320938,RUNNING
1581740175797,6.9993896,19.001633,7.6856384,RUNNING
1581740175825,13.5846405,20.23584,10.411438,RUNNING
1581740175835,18.836334,20.345978,7.2486877,RUNNING
1581740175855,20.891754,19.490051,5.177719,RUNNING
1581740175875,13.845612,15.811356,4.435501,RUNNING
1581740175895,5.051712,11.44194,10.393478,RUNNING
1581740175916,2.2349396,6.3542633,20.550873,RUNNING
1581740175937,-0.49925232,7.58609,22.680527,RUNNING
1581740175992,-14.300629,19.07106,22.292664,RUNNING
1581740175993,-35.11821,32.852097,32.90735,RUNNING
1581740175995,-47.1407,31.002579,48.93654,RUNNING
1581740176025,-50.584763,24.343094,31.86348,RUNNING
1581740176035,-47.990646,9.556503,10.546707,RUNNING
1581740176053,-17.768631,-13.017227,11.340393,RUNNING
1581740176074,-3.3710938,-21.613602,14.841904,RUNNING
1581740176095,-6.4536285,-26.093155,8.836044,RUNNING
1581740176114,-5.407364,-29.7491,-3.0667267,RUNNING
1581740176134,-1.7250824,-27.952255,-16.279144,RUNNING
1581740176187,4.03537,-24.400452,-26.258163,RUNNING
1581740176188,1.2904205,-27.934296,-17.855713,RUNNING
1581740176193,-3.7134705,-34.738617,6.5507812,RUNNING
1581740176220,-5.462433,-33.097397,20.445526,RUNNING
1581740176232,-16.406326,-25.188156,12.59256,RUNNING
1581740176253,-24.183899,-17.792465,-4.3177032,RUNNING
1581740176273,-29.173416,-11.208405,-12.443619,RUNNING
1581740176293,-54.499268,-2.9065247,-0.6773224,RUNNING
1581740176313,-78.72859,14.804596,44.838852,RUNNING
1581740176333,-65.3929,27.100021,69.4704,RUNNING
1581740176351,-31.428741,28.719696,41.243958,RUNNING
1581740176393,-10.025787,24.850662,11.841965,RUNNING
1581740176394,-0.16885376,19.626526,5.296219,RUNNING
1581740176411,4.9559326,17.574692,7.2630615,RUNNING
1581740176431,10.351273,16.722351,14.258911,RUNNING
1581740176451,17.329178,16.942627,17.645508,RUNNING
1581740176470,22.445587,16.031631,16.88176,RUNNING
1581740176492,21.783585,13.702072,14.474396,RUNNING
1581740176511,13.904266,13.314209,14.080551,RUNNING
1581740176531,4.917633,12.419968,15.471588,RUNNING
1581740176566,2.098465,10.5967865,12.956467,RUNNING
1581740176597,0.01789856,12.750381,6.8237305,RUNNING
1581740176598,-8.571304,23.309998,17.565308,RUNNING
1581740176618,-41.023514,32.716827,54.20378,RUNNING
1581740176639,-76.08301,34.15335,51.51628,RUNNING
1581740176659,-70.14778,24.774048,21.888046,RUNNING
1581740176678,-38.743042,-4.0856476,8.32489,RUNNING
1581740176701,-10.914032,-21.696213,15.114838,RUNNING
1581740176719,-5.6024933,-28.380814,11.711487,RUNNING
1581740176741,-5.173935,-29.366028,-3.1924286,RUNNING
1581740176758,-4.7381897,-28.652557,-16.190552,RUNNING
1581740176822,1.6244202,-27.892395,-20.526443,RUNNING
1581740176822,9.003342,-29.90712,-19.608276,RUNNING
1581740176822,3.015442,-33.58821,-6.812454,RUNNING
1581740176827,-4.552643,-32.65567,9.05751,RUNNING
1581740176846,-12.545685,-25.420395,8.772598,RUNNING
1581740176866,-21.113327,-18.489182,-0.700058,RUNNING
1581740176887,-26.965958,-15.22229,-4.585846,RUNNING
1581740176906,-33.771484,-10.396774,1.1889648,RUNNING
1581740176930,-69.36009,6.938446,27.340836,RUNNING
1581740176949,-78.54784,32.89041,54.84543,RUNNING
1581740176966,-57.36035,35.403122,52.031036,RUNNING
1581740177020,-12.970657,24.578934,26.415482,RUNNING
1581740177021,2.3582306,18.53238,6.920685,RUNNING
1581740177036,5.171417,16.528427,0.013412476,RUNNING
1581740177055,9.478592,13.609894,0.9411621,RUNNING
1581740177076,13.32608,12.776718,5.834915,RUNNING
1581740177096,17.179535,13.759537,11.681564,RUNNING
1581740177118,18.647186,13.177734,13.720215,RUNNING
1581740177140,16.322418,11.931564,9.484879,RUNNING
1581740177156,9.770691,11.797485,6.975754,RUNNING
1581740177208,6.5133667,11.726852,7.628174,RUNNING
1581740177210,6.075226,10.694962,11.760574,RUNNING
1581740177218,-0.3292694,14.171341,13.510727,RUNNING
1581740177244,-14.446686,26.098053,20.55806,RUNNING
1581740177255,-38.521576,37.799713,42.99173,RUNNING
1581740177274,-71.4167,35.603027,55.188995,RUNNING
1581740177293,-58.4485,24.845886,23.098312,RUNNING
1581740177314,-41.999146,4.119278,5.4374847,RUNNING
1581740177335,-14.179718,-15.277359,18.015427,RUNNING
1581740177353,-7.9643707,-23.77678,20.219284,RUNNING
1581740177390,-10.0030365,-27.442291,8.413483,RUNNING
1581740177393,-9.363785,-28.911133,-7.6240845,RUNNING
1581740177423,-6.734955,-27.229218,-20.346878,RUNNING
1581740177423,4.439987,-26.771927,-26.216278,RUNNING
1581740177443,11.713577,-32.188797,-19.067184,RUNNING
1581740177463,5.544922,-35.085785,-1.154953,RUNNING
1581740177482,-3.0406952,-31.310135,7.446213,RUNNING
1581740177503,-13.638626,-23.151886,2.4124146,RUNNING
1581740177523,-21.126495,-18.235397,-7.6791687,RUNNING
1581740177542,-25.960388,-15.835205,-9.5837555,RUNNING
1581740177585,-36.217148,-10.00412,-6.7226715,RUNNING
1581740177585,-68.0708,3.578186,18.66066,RUNNING
1581740177601,-78.55621,20.883484,66.58061,RUNNING
1581740177621,-63.756454,28.673004,70.171906,RUNNING
1581740177641,-13.483017,20.565048,33.08333,RUNNING
1581740177660,3.9192505,15.51329,5.8840027,RUNNING
1581740177681,5.7304688,14.183304,-1.0783386,RUNNING
1581740177701,8.470627,11.526932,1.3170624,RUNNING
1581740177723,11.56514,10.771561,7.569519,RUNNING
1581740177744,14.832016,11.645447,10.523956,RUNNING
1581740177784,19.518677,10.820648,10.485657,RUNNING
1581740177786,20.904907,9.461929,8.901886,RUNNING
1581740177800,17.312424,8.615585,10.467697,RUNNING
1581740177819,8.768707,8.9088745,16.083298,RUNNING
1581740177840,1.2341614,9.402084,17.75206,RUNNING
1581740177869,-2.3176575,13.7990265,10.570648,RUNNING
1581740177889,-7.1287994,24.981155,18.22969,RUNNING
1581740177909,-32.193695,33.374023,49.775696,RUNNING
1581740177929,-71.47417,31.785477,56.348984,RUNNING
1581740177949,-68.11989,26.150726,22.749954,RUNNING
1581740177979,-40.096954,0.04196167,8.048355,RUNNING
1581740177989,-15.735947,-15.984833,12.19751,RUNNING
1581740178007,-7.244919,-24.732056,8.248276,RUNNING
1581740178039,-2.668396,-29.237946,0.25402832,RUNNING
1581740178047,0.1280365,-29.303787,-10.843094,RUNNING
1581740178058,0.9193115,-25.371307,-15.778748,RUNNING
1581740178077,1.9679718,-23.607986,-16.24202,RUNNING
1581740178098,4.455551,-26.246384,-12.05098,RUNNING
1581740178117,3.2919617,-30.159714,-1.7104187,RUNNING
1581740178139,-1.608963,-29.880783,5.3369293,RUNNING
1581740178182,-12.843765,-24.840988,3.8333588,RUNNING
1581740178182,-22.569,-20.195038,-1.2327728,RUNNING
1581740178198,-27.492676,-15.312073,-4.384735,RUNNING
1581740178216,-41.681915,-7.813431,-0.5839386,RUNNING
1581740178246,-76.01956,11.104355,34.32831,RUNNING
1581740178258,-77.41658,28.094818,68.83115,RUNNING
1581740178275,-46.658264,29.867722,57.52333,RUNNING
1581740178296,-9.16507,21.69751,23.666931,RUNNING
1581740178315,2.249298,16.745102,5.819351,RUNNING
1581740178335,5.767578,13.492569,1.8880768,RUNNING
1581740178373,10.487747,10.358566,3.2096863,RUNNING
1581740178375,13.339233,9.900085,6.9781494,RUNNING
1581740178396,15.258194,10.930786,8.836044,RUNNING
1581740178416,19.652756,10.908035,7.641342,RUNNING
1581740178435,19.591705,8.977112,4.8999786,RUNNING
1581740178465,12.917862,8.1223755,4.7276,RUNNING
1581740178485,6.5361176,7.8338776,5.69606,RUNNING
1581740178504,6.3505554,7.1694946,5.201645,RUNNING
1581740178525,4.5070343,12.733612,8.68042,RUNNING
1581740178547,-12.366119,26.866592,31.806015,RUNNING
1581740178581,-46.627136,35.577896,58.539673,RUNNING
1581740178583,-61.33113,30.776321,43.926666,RUNNING
1581740178603,-56.261414,25.62999,18.59961,RUNNING
1581740178624,-38.86992,5.616852,7.537201,RUNNING
1581740178643,-14.670532,-10.772659,13.624451,RUNNING
1581740178684,-8.076904,-17.757736,15.816345,RUNNING
1581740178684,-4.9404907,-22.279205,8.34404,RUNNING
1581740178693,-1.5323486,-24.709305,-3.5084534,RUNNING
1581740178712,1.885376,-24.647064,-13.073303,RUNNING
1581740178732,5.7963104,-24.794296,-16.9124,RUNNING
1581740178753,7.415985,-27.925919,-15.4627075,RUNNING
1581740178784,4.660263,-30.287796,-2.0072937,RUNNING
1581740178792,2.592865,-28.890778,6.067154,RUNNING
1581740178811,-4.514328,-23.410461,3.8920288,RUNNING
1581740178831,-13.620682,-17.462067,-1.0304565,RUNNING
1581740178852,-21.04509,-15.660431,-5.961319,RUNNING
1581740178896,-27.522614,-12.963364,-7.1105347,RUNNING
1581740178897,-44.138367,-4.4364166,2.8278046,RUNNING
1581740178911,-77.61409,11.574814,46.1006,RUNNING
1581740178931,-71.292206,24.042618,68.61926,RUNNING
1581740178962,-36.20279,23.52069,48.579803,RUNNING
1581740178970,-10.941559,18.246262,22.255554,RUNNING
1581740178991,0.30281067,14.392792,9.082657,RUNNING
1581740179011,4.059311,12.813812,4.7647095,RUNNING
1581740179031,7.723648,11.154633,2.7966766,RUNNING
1581740179050,10.7343445,10.593201,3.5867615,RUNNING
1581740179097,14.923004,10.76918,4.6581726,RUNNING
1581740179098,18.91893,9.83783,5.0579987,RUNNING
1581740179111,18.039062,7.5597534,5.8624573,RUNNING
1581740179129,12.862793,7.788391,8.778595,RUNNING
1581740179158,9.594711,9.020203,11.138077,RUNNING
1581740179169,8.814194,9.93959,8.912659,RUNNING
1581740179189,6.5684357,12.883255,7.842453,RUNNING
1581740179208,-2.6815643,23.245361,22.145416,RUNNING
1581740179229,-29.704926,32.224808,63.689606,RUNNING
1581740179249,-74.73746,31.686127,65.87312,RUNNING
1581740179283,-64.91165,26.291977,22.778687,RUNNING
1581740179299,-41.019913,3.013153,7.1649017,RUNNING
1581740179318,-16.567932,-14.912247,15.685867,RUNNING
1581740179338,-9.618774,-25.347366,16.167099,RUNNING
1581740179386,-5.8993835,-29.67369,5.3297424,RUNNING
1581740179386,-4.886627,-29.859238,-8.743378,RUNNING
1581740179400,-3.4836273,-25.840576,-19.77826,RUNNING
1581740179417,0.78404236,-21.88176,-23.667648,RUNNING
1581740179438,4.7727814,-24.462708,-18.838531,RUNNING
1581740179458,5.1845856,-27.175339,-2.5519714,RUNNING
1581740179478,-0.35440063,-25.792694,5.201645,RUNNING
1581740179497,-9.786362,-21.278412,3.2862854,RUNNING
1581740179538,-16.748703,-17.966034,-1.2830505,RUNNING
1581740179538,-19.676804,-13.991669,-3.2498932,RUNNING
1581740179578,-30.162216,-7.1322784,-1.1381989,RUNNING
1581740179578,-63.49669,8.187027,19.939163,RUNNING
1581740179596,-75.4653,24.060577,46.98526,RUNNING
1581740179615,-63.035812,31.537674,53.231735,RUNNING
1581740179636,-30.06285,25.822723,37.55928,RUNNING
1581740179656,-2.9150085,17.344849,17.492294,RUNNING
1581740179676,0.770874,13.401596,7.1062317,RUNNING
1581740179718,4.6853943,10.132324,4.4367065,RUNNING
1581740179718,8.7890625,7.1934357,6.046814,RUNNING
1581740179725,10.924683,6.597275,7.9861145,RUNNING
1581740179757,13.156082,7.3861694,8.690002,RUNNING
1581740179764,15.769348,8.136749,7.470154,RUNNING
1581740179783,15.57782,8.1020355,5.672104,RUNNING
1581740179803,11.458588,8.042175,5.14299,RUNNING
1581740179823,6.5433044,8.400101,5.3058014,RUNNING
1581740179843,4.378937,7.6471405,5.6505585,RUNNING
1581740179865,3.913269,6.6439667,4.520508,RUNNING
1581740179886,1.0881195,10.259216,4.0727844,RUNNING
1581740179920,-5.099716,21.737015,15.053787,RUNNING
1581740179923,-26.084885,32.74675,48.06624,RUNNING
1581740179958,-58.96086,34.079117,55.147095,RUNNING
1581740179962,-60.22261,32.048843,26.065918,RUNNING
1581740179982,-44.39334,14.206055,9.603394,RUNNING
1581740180002,-18.787369,-4.3897247,12.475235,RUNNING
1581740180022,-10.477097,-12.261856,15.349472,RUNNING
1581740180042,-9.186615,-17.41777,8.333267,RUNNING
1581740180067,-6.906143,-22.420456,-2.328125,RUNNING
1581740180082,-1.1971588,-26.54805,-11.67868,RUNNING
1581740180123,6.5828094,-27.808609,-15.896057,RUNNING
1581740180132,8.738785,-27.910355,-19.00853,RUNNING
1581740180158,3.54216,-29.726364,-13.148712,RUNNING
1581740180161,0.99713135,-32.738266,-3.2893982,RUNNING
1581740180180,0.24894714,-32.55391,0.8896942,RUNNING
1581740180201,-5.6946716,-29.745514,-0.38641357,RUNNING
1581740180222,-18.288177,-25.553268,-3.545578,RUNNING
1581740180241,-32.79944,-19.829926,-3.8879395,RUNNING
1581740180260,-46.810287,-11.229965,-2.217987,RUNNING
1581740180281,-72.31094,4.5430603,22.85051,RUNNING
1581740180317,-78.57776,16.549973,57.323425,RUNNING
1581740180330,-66.46669,28.080444,54.4001,RUNNING
1581740180369,-35.729935,25.863419,23.304214,RUNNING
1581740180369,-8.234924,17.117401,7.25708,RUNNING
1581740180389,-1.9776764,13.690094,7.059555,RUNNING
1581740180409,2.3175354,12.103943,6.094681,RUNNING
1581740180429,5.822647,11.036133,5.217209,RUNNING
1581740180448,8.360504,11.212097,4.6737366,RUNNING
1581740180469,11.689636,11.512573,6.996109,RUNNING
1581740180487,15.510788,11.672989,11.311661,RUNNING
1581740180509,16.326004,9.969513,13.32518,RUNNING
1581740180530,11.274246,8.139145,13.505936,RUNNING
1581740180549,6.521759,6.737335,11.626495,RUNNING
1581740180568,5.257614,6.0382385,7.5838776,RUNNING
1581740180588,4.949951,6.937256,1.2141113,RUNNING
1581740180607,-0.20117188,11.726852,3.846527,RUNNING
1581740180627,-6.36145,22.002777,34.109238,RUNNING
1581740180647,-59.938904,32.331345,66.46808,RUNNING
1581740180669,-77.59375,30.304672,33.16713,RUNNING
1581740180689,-60.457245,19.355988,2.3501587,RUNNING
1581740180713,-31.596344,-4.629135,6.9506226,RUNNING
1581740180746,-14.597519,-17.305252,16.855423,RUNNING
1581740180758,-11.99501,-23.749237,11.481644,RUNNING
1581740180758,-7.9799347,-28.780655,-0.9059601,RUNNING
1581740180798,-3.6320648,-30.628983,-13.603607,RUNNING
1581740180798,6.4535217,-29.994507,-22.050354,RUNNING
1581740180816,14.142502,-29.03563,-21.657715,RUNNING
1581740180836,11.11264,-27.939087,-15.498627,RUNNING
1581740180856,1.4268951,-25.629883,-7.3104553,RUNNING
1581740180876,-7.8219147,-22.712555,-1.778656,RUNNING
1581740180897,-14.598709,-19.858658,1.0070038,RUNNING
1581740180918,-22.05545,-17.124481,1.7336578,RUNNING
1581740180935,-25.81314,-16.145248,0.87054443,RUNNING
1581740180985,-34.808167,-11.715988,-1.9941254,RUNNING
1581740180985,-69.02968,1.4976349,19.799103,RUNNING
1581740180996,-77.89661,17.299362,40.83934,RUNNING
1581740181015,-56.542725,23.749344,39.322617,RUNNING
1581740181035,-28.979477,19.293732,31.171555,RUNNING
1581740181054,-8.938812,14.136627,16.927246,RUNNING
1581740181075,-0.28616333,12.19252,6.7387238,RUNNING
1581740181095,3.7959442,10.915222,3.470642,RUNNING
1581740181116,6.3314056,10.022186,6.676483,RUNNING
1581740181136,8.972214,10.521378,11.779724,RUNNING
1581740181178,10.544006,11.548492,15.527847,RUNNING
1581740181178,13.776184,12.880859,16.011475,RUNNING
1581740181203,15.504791,12.985016,12.8762665,RUNNING
1581740181222,10.552383,11.561661,11.280533,RUNNING
1581740181242,3.9336243,9.411667,12.389038,RUNNING
1581740181264,-1.588623,8.048172,11.84317,RUNNING
1581740181287,-3.9552765,7.5800934,8.862396,RUNNING
1581740181304,-7.9667664,11.585602,9.669235,RUNNING
1581740181326,-19.138123,19.304504,21.235626,RUNNING
1581740181378,-40.798462,23.256134,32.624847,RUNNING
1581740181380,-57.222687,28.71492,22.114288,RUNNING
1581740181382,-56.08185,23.172333,11.631271,RUNNING
1581740181407,-37.67044,3.3351746,11.221878,RUNNING
1581740181410,-15.537231,-10.374023,16.90451,RUNNING
1581740181431,-13.0269165,-15.217499,18.375748,RUNNING
1581740181450,-11.561661,-18.380234,9.025192,RUNNING
1581740181470,-6.6152496,-20.293198,-2.3891754,RUNNING
1581740181491,-1.075058,-20.721771,-10.041046,RUNNING
1581740181511,3.7564392,-20.827118,-12.495102,RUNNING
1581740181560,7.5632324,-23.543335,-12.284409,RUNNING
1581740181561,10.484146,-26.768326,-6.285736,RUNNING
1581740181592,9.065598,-27.172943,-1.3189697,RUNNING
1581740181592,2.3187256,-24.617142,0.90167236,RUNNING
1581740181610,-7.3071747,-19.77246,0.5042267,RUNNING
1581740181629,-16.862427,-14.483673,-1.7367554,RUNNING
1581740181649,-19.256622,-10.217209,-11.193848,RUNNING
1581740181670,-33.23398,-3.6295624,-7.709091,RUNNING
1581740181690,-71.446625,8.9483795,19.47348,RUNNING
1581740181709,-78.59332,22.539078,50.0235,RUNNING
1581740181754,-59.74138,26.37938,56.187378,RUNNING
1581740181755,-16.170502,18.30014,30.6185,RUNNING
1581740181785,-1.6233368,14.183304,8.504456,RUNNING
1581740181798,2.8310852,12.3637085,0.36297607,RUNNING
1581740181818,7.834961,10.094009,-0.123062134,RUNNING
1581740181838,11.950607,8.49588,3.9734192,RUNNING
1581740181858,16.002792,8.373779,7.370804,RUNNING
1581740181878,19.205032,9.412857,10.077438,RUNNING
1581740181900,18.606476,8.916061,11.475662,RUNNING
1581740181920,12.880753,7.644745,12.208282,RUNNING
1581740181969,8.875259,6.672699,10.030762,RUNNING
1581740181976,8.289871,7.502289,3.805832,RUNNING
1581740181985,10.614639,9.828247,0.7173157,RUNNING
1581740181996,6.012985,15.108658,2.9295502,RUNNING
1581740182025,-4.873459,27.079666,20.498215,RUNNING
1581740182038,-35.339676,38.213913,56.775146,RUNNING
1581740182055,-76.919785,39.530716,56.358566,RUNNING
1581740182076,-58.292892,24.753708,25.682846,RUNNING
1581740182096,-36.277008,0.6919708,12.310028,RUNNING
1581740182115,-14.8333435,-15.248627,11.152435,RUNNING
1581740182141,-5.0015564,-25.927963,9.5794525,RUNNING
1581740182160,-3.4979858,-30.652924,1.3541718,RUNNING
1581740182175,-5.755722,-30.195618,-10.874222,RUNNING
1581740182203,-2.5666504,-27.201675,-21.985718,RUNNING
1581740182215,3.4487915,-27.87564,-21.895935,RUNNING
1581740182224,5.7304688,-30.929443,-9.995544,RUNNING
1581740182244,0.667923,-30.438644,-0.07997131,RUNNING
1581740182265,-15.091919,-24.993027,2.0568695,RUNNING
1581740182284,-28.210938,-17.359116,-2.206009,RUNNING
1581740182307,-34.767456,-7.9858093,-2.8057709,RUNNING
1581740182353,-63.83188,6.724167,20.109146,RUNNING
1581740182353,-78.46643,24.517883,49.262146,RUNNING
1581740182365,-53.65892,28.597595,51.025482,RUNNING
1581740182383,-13.998962,21.77652,27.201965,RUNNING
1581740182405,2.908905,16.891144,10.094208,RUNNING
1581740182424,8.135437,15.5456085,2.5859833,RUNNING
1581740182453,10.727173,13.283081,3.2120667,RUNNING
1581740182474,13.966522,11.013382,9.087433,RUNNING
1581740182493,15.583801,10.47348,13.9776,RUNNING
1581740182513,15.728653,8.881348,14.90416,RUNNING
1581740182546,15.266571,5.4372864,12.146027,RUNNING
1581740182553,10.65654,3.4620667,8.87915,RUNNING
1581740182572,3.6738434,3.9409027,5.731964,RUNNING
1581740182592,0.3387146,6.673889,2.5859833,RUNNING
1581740182615,2.7293396,15.235565,9.4729,RUNNING
1581740182632,-23.213043,29.058487,37.30191,RUNNING
1581740182652,-72.05716,36.986877,56.733246,RUNNING
1581740182671,-70.50929,24.972778,39.77153,RUNNING
1581740182691,-41.90219,0.41305542,20.834595,RUNNING
1581740182712,-20.924194,-11.554367,11.105759,RUNNING
1581740182749,-14.099518,-15.978851,4.296646,RUNNING
1581740182751,-10.078461,-19.097305,-0.9478607,RUNNING
1581740182771,-5.249359,-22.900497,-5.2430573,RUNNING
1581740182791,1.5382233,-25.842972,-11.671494,RUNNING
1581740182844,8.704071,-25.483826,-17.19252,RUNNING
1581740182844,10.463806,-24.550095,-18.718826,RUNNING
1581740182844,7.594345,-24.414825,-15.654251,RUNNING
1581740182861,2.2205658,-23.685791,-8.27652,RUNNING
1581740182880,-4.2593536,-21.757263,-0.71681213,RUNNING
1581740182900,-11.298294,-17.678741,2.5105743,RUNNING
1581740182945,-17.976929,-12.944199,0.8501892,RUNNING
1581740182946,-21.737015,-10.997726,-5.9170227,RUNNING
1581740182958,-24.64238,-8.471832,-11.681061,RUNNING
1581740182979,-52.601868,-0.97798157,12.304047,RUNNING
1581740182999,-78.72859,13.931915,56.329834,RUNNING
1581740183033,-70.93547,25.17868,67.207886,RUNNING
1581740183043,-22.212265,17.875168,34.268463,RUNNING
1581740183058,-0.92781067,12.399628,8.383545,RUNNING
1581740183078,4.7069397,10.739243,-0.26672363,RUNNING
1581740183098,9.941864,8.559326,-3.087082,RUNNING
1581740183133,11.799774,7.3634186,-0.6509857,RUNNING
1581740183147,10.365646,7.5094604,3.9889832,RUNNING
1581740183158,9.761108,8.975922,5.924698,RUNNING
1581740183178,12.073898,9.305115,4.442688,RUNNING
1581740183197,13.028,7.7859955,3.431137,RUNNING
1581740183234,10.2638855,5.1811066,4.2068634,RUNNING
1581740183237,5.5485077,3.5518494,5.268692,RUNNING
1581740183259,1.1276093,3.344757,6.794998,RUNNING
1581740183280,-1.1708221,7.795578,7.7586517,RUNNING
1581740183299,-0.70755005,16.95819,16.533401,RUNNING
1581740183339,-27.064117,28.728088,42.719986,RUNNING
1581740183339,-63.42964,30.024551,44.10025,RUNNING
1581740183357,-50.111908,21.175568,21.07042,RUNNING
1581740183376,-34.869217,3.2908936,9.624939,RUNNING
1581740183396,-15.223587,-9.956238,11.460098,RUNNING
1581740183436,-6.190277,-13.463745,11.274551,RUNNING
1581740183436,-4.3347626,-14.721893,2.0029907,RUNNING
1581740183455,-2.4217987,-15.569443,-6.534729,RUNNING
1581740183475,-0.8547821,-16.507965,-10.228989,RUNNING
1581740183495,0.40097046,-16.439743,-10.493546,RUNNING
1581740183536,1.632782,-15.631699,-9.719025,RUNNING
1581740183536,1.711792,-13.565506,-11.742126,RUNNING
1581740183555,0.17591858,-11.542404,-14.961121,RUNNING
1581740183575,-2.7521973,-11.047989,-13.304337,RUNNING
1581740183594,-5.5989075,-12.225937,-8.045471,RUNNING
1581740183635,-8.996277,-12.85202,-3.3767853,RUNNING
1581740183636,-15.091919,-10.901947,1.5935974,RUNNING
1581740183656,-21.564636,-4.7249146,2.1382751,RUNNING
1581740183675,-30.041306,2.1919556,7.679657,RUNNING
1581740183694,-47.882904,10.57045,22.188507,RUNNING
1581740183731,-59.08777,13.013733,42.11905,RUNNING
1581740183734,-46.509827,15.406738,53.529816,RUNNING
1581740183753,-16.61583,14.392807,33.81357,RUNNING
1581740183773,-3.3267975,13.517715,10.765778,RUNNING
1581740183793,-0.7530365,13.190918,-2.3221436,RUNNING
1581740183834,1.8386841,10.757202,-5.039551,RUNNING
1581740183834,4.8206635,8.141541,-2.8943481,RUNNING
1581740183852,6.874893,5.863449,-0.0811615,RUNNING
1581740183882,9.0021515,4.381439,2.3645172,RUNNING
1581740183892,9.762299,4.064209,5.095108,RUNNING
1581740183946,10.444656,4.0426636,7.569519,RUNNING
1581740183946,11.630981,3.906189,8.291367,RUNNING
1581740183951,11.993698,2.336792,8.565506,RUNNING
1581740183970,10.198044,0.3927002,9.883514,RUNNING
1581740183991,4.2508545,1.1025848,8.687607,RUNNING
1581740184027,-2.9401398,5.783249,7.6784515,RUNNING
1581740184030,-4.489197,13.2771,16.213776,RUNNING
1581740184050,-12.925156,18.294144,32.42372,RUNNING
1581740184070,-30.9906,20.164017,35.22734,RUNNING
1581740184091,-41.402985,23.056213,26.688416,RUNNING
1581740184133,-41.18631,16.304565,20.747208,RUNNING
1581740184143,-27.426834,1.7502136,18.889297,RUNNING
1581740184159,-13.579971,-6.5361176,13.871063,RUNNING
1581740184179,-8.787979,-8.87645,6.4645844,RUNNING
1581740184199,-6.6703033,-10.429092,-0.7359772,RUNNING
1581740184219,-4.8567047,-12.054764,-7.0865936,RUNNING
1581740184268,-1.9333801,-13.888718,-10.712616,RUNNING
1581740184268,0.8929901,-15.073853,-9.865067,RUNNING
1581740184278,2.1295776,-14.905045,-8.867889,RUNNING
1581740184298,1.9967194,-12.970535,-10.643188,RUNNING
1581740184320,0.52786255,-11.246719,-11.933655,RUNNING
1581740184339,-0.043167114,-11.569931,-9.097733,RUNNING
1581740184357,-0.762619,-13.032791,-3.261856,RUNNING
1581740184377,-4.4221497,-12.958572,3.6741486,RUNNING
1581740184398,-16.34288,-6.9694824,4.355301,RUNNING
1581740184420,-19.648071,-0.43928528,-4.9629364,RUNNING
1581740184467,-31.149826,1.3432007,6.024063,RUNNING
1581740184468,-52.443848,4.155197,33.72258,RUNNING
1581740184481,-50.15979,9.848602,45.18602,RUNNING
1581740184507,-34.913513,14.020493,39.553665,RUNNING
1581740184508,-18.185226,13.73558,19.690155,RUNNING
1581740184548,-9.54335,12.636642,2.864914,RUNNING
1581740184548,-4.045059,9.969513,-3.0942688,RUNNING
1581740184566,0.02748108,7.2042084,0.5461273,RUNNING
1581740184586,3.7061615,4.6220703,6.683655,RUNNING
1581740184606,7.3070526,2.9161987,11.337997,RUNNING
1581740184626,9.752731,2.8144379,11.859924,RUNNING
1581740184651,10.254303,3.9085846,9.749435,RUNNING
1581740184665,9.977783,5.2996216,7.5479736,RUNNING
1581740184684,9.931091,5.882614,6.071945,RUNNING
1581740184714,8.811798,4.8447266,4.7718964,RUNNING
1581740184724,6.1243134,3.8571167,3.592743,RUNNING
1581740184746,2.905304,3.3854523,2.4459229,RUNNING
1581740184766,-2.5905914,4.964432,4.964615,RUNNING
1581740184784,-3.9792175,8.679031,9.441788,RUNNING
1581740184807,-4.866287,10.468704,17.669449,RUNNING
1581740184828,-15.959808,10.099991,26.778198,RUNNING
1581740184871,-36.888733,15.799393,27.091843,RUNNING
1581740184871,-49.102753,16.625397,24.757492,RUNNING
1581740184884,-36.661285,6.9073334,19.879303,RUNNING
1581740184924,-21.611328,-0.35668945,15.575729,RUNNING
1581740184925,-14.646591,-3.3674011,9.320877,RUNNING
1581740184944,-9.263229,-4.6806183,3.379654,RUNNING
1581740184963,-5.415741,-4.742874,-0.28466797,RUNNING
1581740184984,-4.782486,-4.157486,-2.498108,RUNNING
1581740185004,-4.2856903,-3.5733032,-4.419449,RUNNING
1581740185024,-2.3990479,-3.6882172,-6.170822,RUNNING
1581740185067,-1.1396942,-3.9503937,-6.096588,RUNNING
1581740185067,-1.2701874,-3.5194244,-4.273407,RUNNING
1581740185082,-2.4625092,-2.540207,-3.577896,RUNNING
1581740185106,-3.549469,-1.7082214,-4.3069305,RUNNING
1581740185123,-2.4720764,-0.9468689,-3.7203522,RUNNING
1581740185142,-2.967682,0.9601288,0.43598938,RUNNING
1581740185162,-4.0342865,3.7158508,5.086731,RUNNING
1581740185182,-9.192596,6.679886,9.779358,RUNNING
1581740185205,-15.200851,8.312714,12.735001,RUNNING
1581740185224,-8.553345,7.6279755,7.109833,RUNNING
1581740185274,-2.648056,4.2796936,6.304184,RUNNING
1581740185275,0.2800598,0.17602539,15.1770935,RUNNING
1581740185281,2.513855,0.015609741,21.849731,RUNNING
1581740185304,1.4987183,2.4780579,21.981415,RUNNING
1581740185322,-1.5826263,4.9895782,16.401733,RUNNING
1581740185340,-1.8495941,6.5649567,11.3116455,RUNNING
1581740185370,-1.098999,6.6667023,8.372772,RUNNING
1581740185390,0.040649414,5.917328,6.3185425,RUNNING
1581740185411,1.3550568,4.3191986,6.739929,RUNNING
1581740185430,1.9296722,4.3694763,6.4167023,RUNNING
1581740185450,1.1886597,3.0670319,7.075119,RUNNING
1581740185470,0.7972107,3.35672,8.384735,RUNNING
1581740185499,1.8434753,3.1089172,7.597046,RUNNING
1581740185535,3.0130463,3.332779,6.2395325,RUNNING
1581740185535,2.529419,3.478836,6.384384,RUNNING
1581740185548,1.1096497,3.803238,8.690002,RUNNING
1581740185568,1.9608002,4.6005096,10.36235,RUNNING
1581740185588,3.3147125,4.6316376,7.8771667,RUNNING
1581740185608,2.9472046,5.036255,7.2115784,RUNNING
1581740185628,0.90615845,3.7577515,11.182358,RUNNING
1581740185649,0.72299194,2.1225128,14.512711,RUNNING
1581740185687,1.2832336,1.3180542,13.515518,RUNNING
1581740185688,1.5753326,1.7550049,11.187164,RUNNING
1581740185724,0.90974426,2.0063934,9.66684,RUNNING
1581740185727,-0.22511292,2.0506897,9.349609,RUNNING
1581740185748,-0.5674896,1.6293182,9.529175,RUNNING
1581740185767,0.26690674,0.9122467,9.185608,RUNNING
1581740185787,0.6487732,1.2055359,9.3424225,RUNNING
1581740185807,0.045440674,2.0255432,6.660919,RUNNING
1581740185830,-0.50883484,2.7138824,7.2642517,RUNNING
1581740185850,-0.1987915,2.8419647,8.214752,RUNNING
1581740185883,-0.40827942,3.1855469,7.9095,RUNNING
1581740185887,-1.4389801,4.2880707,7.215164,RUNNING
1581740185921,-1.5012207,4.6579742,7.787384,RUNNING
1581740185927,-1.5814362,4.598114,8.992874,RUNNING
1581740185946,-1.8292389,4.416153,9.416641,RUNNING
1581740185966,-2.2589874,4.6472015,8.815704,RUNNING
1581740185986,-3.023941,5.1535797,7.5958557,RUNNING
1581740186005,-3.0921783,5.3630676,6.894348,RUNNING
1581740186028,-1.7897339,4.459259,7.795761,RUNNING
1581740186047,-0.89549255,3.9421082,10.605362,RUNNING
1581740186085,-0.047943115,4.359894,12.044281,RUNNING
1581740186085,-0.699173,4.5610046,10.242645,RUNNING
1581740186121,-2.0997772,4.673538,9.691986,RUNNING
1581740186124,-2.7653656,4.395813,9.952942,RUNNING
1581740186144,-2.7701569,3.5530548,10.954926,RUNNING
1581740186164,-2.6157227,3.3974304,12.126877,RUNNING
1581740186184,-3.047882,3.7469788,11.314056,RUNNING
1581740186206,-2.889862,4.103714,10.075058,RUNNING
1581740186226,-2.151245,4.2198334,8.672043,RUNNING
1581740186243,-1.4030609,4.447281,7.4845276,RUNNING
1581740186285,-1.4078522,4.656784,7.7059784,RUNNING
1581740186288,-0.89549255,4.3108215,8.102219,RUNNING
1581740186303,-0.30532837,3.9828033,7.483322,RUNNING
1581740186326,0.24057007,3.645218,6.929077,RUNNING
1581740186342,0.5769501,3.1424408,6.9661713,RUNNING
1581740186362,1.2987976,2.9772491,7.2187653,RUNNING
1581740186383,1.6172333,3.1855316,6.095886,RUNNING
1581740186402,2.0242462,3.308838,5.9354706,RUNNING
1581740186423,2.213379,3.3866577,7.106247,RUNNING
1581740186445,1.4927216,3.3555298,8.357208,RUNNING
1581740186485,1.6315918,3.3806763,7.904709,RUNNING
1581740186485,0.82354736,3.8798523,7.2463074,RUNNING
1581740186502,-0.24665833,4.32518,8.117798,RUNNING
1581740186523,0.014312744,3.803238,9.927811,RUNNING
1581740186541,1.9105225,4.175537,11.157227,RUNNING
1581740186561,1.2676697,5.1128693,9.921814,RUNNING
1581740186581,-1.7394562,5.732971,8.4422,RUNNING
1581740186600,-2.3487701,5.3786316,9.674011,RUNNING
1581740186624,-0.32687378,4.0151367,11.116531,RUNNING
1581740186641,2.7305298,2.675583,10.031952,RUNNING
1581740186687,2.8694,2.1524506,10.642471,RUNNING
1581740186688,1.7213745,1.5838165,12.208282,RUNNING
1581740186700,1.2844391,0.73747253,12.785294,RUNNING
1581740186722,1.2006378,0.088638306,12.736206,RUNNING
1581740186740,1.7261658,-0.03945923,12.184341,RUNNING
1581740186759,1.588501,0.39988708,10.120529,RUNNING
1581740186780,0.28485107,1.6173401,7.506073,RUNNING
1581740186800,0.100494385,2.2781372,5.6158447,RUNNING
1581740186821,0.8403015,2.443344,6.371216,RUNNING
1581740186841,0.24295044,3.5207367,7.035614,RUNNING
1581740186886,-2.3751068,4.991974,6.7530975,RUNNING
1581740186886,-3.4189758,5.1523743,7.023636,RUNNING
1581740186899,-2.6001587,4.3778534,7.5348053,RUNNING
1581740186920,-1.1600494,2.9616852,7.9513855,RUNNING
1581740186938,0.12922668,1.7214813,9.682404,RUNNING
1581740186957,0.95643616,1.4641113,10.443756,RUNNING
1581740186978,1.5501862,1.5084076,9.760208,RUNNING
1581740186998,0.98994446,2.0411072,9.526779,RUNNING
1581740187017,-0.15568542,2.6516418,9.544739,RUNNING
1581740187040,-1.3001099,3.2717285,9.894287,RUNNING
1581740187087,-1.0762634,3.581787,9.900269,RUNNING
1581740187087,1.1072693,4.1923065,9.01561,RUNNING
1581740187098,1.8518524,4.411377,8.448196,RUNNING
1581740187119,-2.8647156,3.8607025,10.898651,RUNNING
1581740187136,-4.277313,2.3703156,13.672333,RUNNING
1581740187157,-2.2422333,0.52557373,14.941269,RUNNING
1581740187176,0.37583923,0.010818481,12.833176,RUNNING
1581740187197,0.52786255,1.4090424,9.201157,RUNNING
1581740187216,-0.9098511,2.6480408,7.660492,RUNNING
1581740187236,-2.173996,3.499176,8.5224,RUNNING
1581740187270,-3.2082977,3.6751556,10.013992,RUNNING
1581740187275,-1.5491028,2.5905914,11.078217,RUNNING
1581740187300,0.08734131,1.6005707,11.178772,RUNNING
1581740187314,1.0498047,1.3204651,10.0104065,RUNNING
1581740187334,1.1479645,1.3468018,9.0108185,RUNNING
1581740187354,0.9348755,1.5419159,8.687607,RUNNING
1581740187374,0.25372314,2.0111847,8.213562,RUNNING
1581740187393,-0.49327087,2.7845154,7.656906,RUNNING
1581740187413,-1.3994751,3.3830566,7.7730255,RUNNING
1581740187433,-1.5323486,3.411789,8.637329,RUNNING
1581740187453,-0.6692505,2.8826752,8.747467,RUNNING
1581740187474,-0.20835876,2.3224335,8.193207,RUNNING
1581740187499,-0.055130005,2.2805328,7.826889,RUNNING
1581740187514,-0.13053894,2.450531,8.336853,RUNNING
1581740187534,-0.076675415,2.534317,9.15448,RUNNING
1581740187554,0.009521484,2.692337,9.554306,RUNNING
1581740187573,-0.35321045,2.9078217,9.640503,RUNNING
1581740187595,-0.6405182,3.0299225,10.070267,RUNNING
1581740187614,-1.2977295,3.0885773,9.0108185,RUNNING
1581740187633,-1.1456909,3.5183258,9.580643,RUNNING
1581740187651,-0.41784668,3.6667786,10.229477,RUNNING
1581740187674,-0.42503357,3.5315094,10.507202,RUNNING
1581740187696,-1.0020294,4.215042,8.810913,RUNNING
