Timestamp,Gyr_X,Gyr_Y,Gyr_Z,Activity
1581740150804,-0.18612671,0.2089386,0.041732788,RUNNING
1581740150824,-0.2127533,0.21426392,0.04598999,RUNNING
1581740150844,-0.47694397,0.26113892,0.12055969,RUNNING
1581740150863,-0.90411377,0.29522705,0.17276001,RUNNING
1581740150886,-1.0426025,0.11306763,0.14611816,RUNNING
1581740150904,-0.77201843,-0.3439331,0.2973938,RUNNING
1581740150926,-0.39491272,-0.6198425,0.46676636,RUNNING
1581740150943,-0.20103455,-0.50798035,0.5700989,RUNNING
1581740150969,-0.15629578,-0.09892273,0.6233673,RUNNING
1581740151014,-0.19570923,0.22172546,0.64678955,RUNNING
1581740151015,-0.28518677,0.28990173,0.75971985,RUNNING
1581740151039,-0.42474365,0.18443298,0.8790283,RUNNING
1581740151042,-0.56962585,0.10774231,0.88967896,RUNNING
1581740151060,-0.683609,0.2089386,0.9472046,RUNNING
1581740151082,-0.72088623,0.30480957,1.0377502,RUNNING
1581740151102,-0.6079712,0.29948425,1.3807678,RUNNING
1581740151123,-0.29264832,0.35487366,1.6193848,RUNNING
1581740151142,-0.032730103,0.77671814,1.2081909,RUNNING
1581740151163,0.009887695,0.8161316,1.0537262,RUNNING
1581740151193,-0.07746887,0.32292175,0.71817017,RUNNING
1581740151201,-0.32354736,-0.109573364,0.6361389,RUNNING
1581740151223,-0.40023804,0.41133118,0.746933,RUNNING
1581740151240,0.045043945,1.6747437,0.68515015,RUNNING
1581740151260,0.67993164,2.0699463,0.45611572,RUNNING
1581740151280,0.82588196,1.1751251,0.22601318,RUNNING
1581740151300,0.21655273,-0.8424835,-0.33750916,RUNNING
1581740151321,0.37313843,-1.8512878,-1.2802734,RUNNING
1581740151340,1.8389435,-0.5761566,-1.5945282,RUNNING
1581740151363,3.6413727,0.95887756,-1.2238159,RUNNING
1581740151393,5.113571,1.6555634,-0.6645508,RUNNING
1581740151402,5.080551,1.2198792,-0.3961029,RUNNING
1581740151420,3.789444,0.13969421,-0.6272583,RUNNING
1581740151438,2.773178,-0.24699402,-0.70822144,RUNNING
1581740151459,2.8946228,0.6733856,-0.6325836,RUNNING
1581740151478,4.1015625,2.4683685,-0.5771942,RUNNING
1581740151497,5.130615,3.7743835,-0.4983673,RUNNING
1581740151521,4.966568,3.3493347,-0.53352356,RUNNING
1581740151542,3.8448334,2.1072388,-0.6453705,RUNNING
1581740151560,2.610199,1.9719543,-0.9819946,RUNNING
1581740151593,1.1742249,2.9306946,-1.801178,RUNNING
1581740151621,-0.8316803,3.3727722,-3.0720367,RUNNING
1581740151621,-2.7491455,2.8486633,-4.0030823,RUNNING
1581740151637,-4.271408,2.0113678,-4.1671295,RUNNING
1581740151657,-5.0607758,2.22229,-3.6110687,RUNNING
1581740151677,-5.019226,4.6074066,-3.8347778,RUNNING
1581740151697,-5.447464,7.176834,-6.5277557,RUNNING
1581740151719,-7.1135406,4.9067535,-6.7450714,RUNNING
1581740151739,-8.071213,0.13650513,-1.7298126,RUNNING
1581740151759,-5.530548,0.54556274,0.36663818,RUNNING
1581740151792,-2.1270294,2.766632,-0.41526794,RUNNING
1581740151796,-1.0393982,2.3362732,-0.08078003,RUNNING
1581740151825,-2.0737762,-1.0406189,1.6598663,RUNNING
1581740151845,-1.642868,-1.2797852,1.907547,RUNNING
1581740151865,0.15156555,-1.8907013,2.67453,RUNNING
1581740151885,1.4021912,-2.716278,3.343521,RUNNING
1581740151905,1.3617096,-3.6483917,3.5714874,RUNNING
1581740151927,0.15689087,-4.3770294,3.2593536,RUNNING
1581740151948,-1.0170288,-4.9650574,2.6787872,RUNNING
1581740151980,0.40776062,-6.5315247,2.9728088,RUNNING
1581740151985,4.4009094,-8.475632,4.4348755,RUNNING
1581740152023,6.943695,-7.9925385,5.1075897,RUNNING
1581740152023,7.3000336,-6.679077,4.345398,RUNNING
1581740152043,8.214554,-6.20076,3.4260712,RUNNING
1581740152064,9.806595,-3.541336,3.0138092,RUNNING
1581740152083,8.649185,-0.23794556,1.2838287,RUNNING
1581740152103,6.1735077,-0.24859619,-1.2136841,RUNNING
1581740152125,3.2509613,-0.44300842,-2.7268982,RUNNING
1581740152147,0.62986755,-0.67630005,-3.4954987,RUNNING
1581740152179,-0.64312744,-1.3799133,-3.7692566,RUNNING
1581740152183,-1.6780396,-1.6744537,-4.7812653,RUNNING
1581740152205,-3.78833,0.031570435,-5.984482,RUNNING
1581740152252,-8.445129,2.556778,-6.6678467,RUNNING
1581740152272,-11.036911,3.211914,-6.626831,RUNNING
1581740152292,-10.718399,4.0950165,-5.399643,RUNNING
1581740152314,-8.12767,5.371216,-3.7697906,RUNNING
1581740152333,-5.779831,4.944031,-2.456314,RUNNING
1581740152353,-4.615494,3.3397522,-1.0352631,RUNNING
1581740152400,-3.0442352,2.5535889,0.26223755,RUNNING
1581740152412,-1.0074463,2.4800873,0.98236084,RUNNING
1581740152412,0.61068726,1.5319977,1.3456116,RUNNING
1581740152442,1.1166992,-3.7847443,3.693451,RUNNING
1581740152461,0.5845947,-3.988739,3.8532562,RUNNING
1581740152480,-1.7270355,-3.8918,4.0513916,RUNNING
1581740152500,-1.8383484,-4.1565247,3.70784,RUNNING
1581740152521,2.1382904,-7.1935883,4.951538,RUNNING
1581740152542,5.9673767,-7.06575,7.454376,RUNNING
1581740152582,5.8651123,-4.480896,7.0783386,RUNNING
1581740152582,4.079193,-5.329376,7.294052,RUNNING
1581740152599,5.569504,-6.6998444,7.2498474,RUNNING
1581740152622,9.334686,-4.581024,7.035721,RUNNING
1581740152661,10.352005,-1.088028,5.8958893,RUNNING
1581740152661,8.020676,-0.8073273,3.089447,RUNNING
1581740152678,4.2299347,-1.008667,0.19247437,RUNNING
1581740152698,0.40670776,-1.9737854,-1.9971924,RUNNING
1581740152718,-0.7858734,-2.444641,-3.1412964,RUNNING
1581740152741,-0.82954407,-1.2344971,-5.063019,RUNNING
1581740152780,-2.7960205,-0.43128967,-7.5056763,RUNNING
1581740152788,-5.734024,-0.20013428,-8.267868,RUNNING
1581740152798,-7.5284576,0.4725952,-7.1706543,RUNNING
1581740152819,-7.436859,1.3034973,-6.5900726,RUNNING
1581740152859,-4.0050964,3.4052582,-7.29422,RUNNING
1581740152887,-9.865112,2.3863373,-2.387085,RUNNING
1581740152906,-10.844101,3.1394806,-0.63897705,RUNNING
1581740152928,-6.527649,4.585037,-0.23843384,RUNNING
1581740152949,-0.55470276,3.926712,-0.51327515,RUNNING
1581740152974,1.6226959,1.4254761,-0.23310852,RUNNING
1581740152987,0.92601013,-0.79774475,0.42842102,RUNNING
1581740153005,-0.6814728,-1.9631348,1.6992798,RUNNING
1581740153027,-1.497467,-1.9737854,2.7890472,RUNNING
1581740153046,-1.1203613,-1.8821716,2.81781,RUNNING
1581740153078,0.2687378,-5.705414,5.8804474,RUNNING
1581740153086,0.6208191,-6.124588,6.306015,RUNNING
1581740153110,2.085556,-6.2412415,6.3006897,RUNNING
1581740153126,4.470688,-4.782364,4.794937,RUNNING
1581740153145,5.129547,-3.5487823,5.506012,RUNNING
1581740153182,3.5795898,-4.2843475,7.216812,RUNNING
1581740153184,4.4211426,-3.2281494,7.3478394,RUNNING
1581740153204,5.9950714,-3.733078,5.030899,RUNNING
1581740153223,7.311203,-5.299011,2.4710693,RUNNING
1581740153244,7.0965576,-3.2164307,0.76078796,RUNNING
1581740153284,0.33746338,-0.18574524,-1.8405914,RUNNING
1581740153303,-4.830673,0.6329193,-3.7186584,RUNNING
1581740153327,-5.5081787,-0.17668152,-6.1858063,RUNNING
1581740153345,-3.792038,-1.1269073,-8.10968,RUNNING
1581740153370,-1.7872162,-0.73168945,-7.708069,RUNNING
1581740153383,-2.3283691,1.2113495,-6.961319,RUNNING
1581740153403,-5.2450714,2.766632,-8.096893,RUNNING
1581740153423,-9.862991,3.8862305,-10.319031,RUNNING
1581740153443,-13.825775,2.7442627,-7.297943,RUNNING
1581740153462,-9.954605,1.8760681,-0.9266052,RUNNING
1581740153487,0.62561035,4.099289,0.0119018555,RUNNING
1581740153501,0.30549622,3.9496155,-0.062149048,RUNNING
1581740153522,-1.3483276,3.5251007,-0.12818909,RUNNING
1581740153546,-2.7358398,2.6941986,0.21696472,RUNNING
1581740153562,-2.8950958,0.9993744,1.0068665,RUNNING
1581740153582,-1.7488708,-1.1588745,1.8739929,RUNNING
1581740153600,0.2575531,-2.5943146,2.1525574,RUNNING
1581740153620,1.4362793,-3.207901,2.0625305,RUNNING
1581740153644,0.6937866,-3.9514618,3.2343292,RUNNING
1581740153664,-0.5520477,-6.264679,4.9616547,RUNNING
1581740153685,0.45783997,-8.546478,4.6218414,RUNNING
1581740153718,5.498123,-7.313965,3.0740051,RUNNING
1581740153719,9.646805,-5.0454865,4.189865,RUNNING
1581740153766,8.229462,-4.1975403,5.779236,RUNNING
1581740153767,3.6541595,-3.5621033,5.713196,RUNNING
1581740153780,0.87913513,-4.7845,3.8825378,RUNNING
1581740153799,4.601715,-5.1914215,1.0723724,RUNNING
1581740153820,8.710968,-3.7389374,0.21376038,RUNNING
1581740153839,7.5716705,-1.2930908,0.49552917,RUNNING
1581740153859,2.2155151,0.52212524,-0.6645508,RUNNING
1581740153897,-4.090317,0.76927185,-2.5990753,RUNNING
1581740153939,-3.3030853,1.8121643,-5.6297455,RUNNING
1581740153968,-3.7579498,2.846527,-5.7735596,RUNNING
1581740153977,-6.372116,3.4494781,-6.9219055,RUNNING
1581740153998,-10.685364,4.0950165,-7.6846313,RUNNING
1581740154018,-12.6689,3.8201904,-5.0789948,RUNNING
1581740154038,-7.468277,4.449753,-1.8832092,RUNNING
1581740154059,-1.276947,4.4614716,-0.3907776,RUNNING
1581740154081,0.64372253,2.5695648,-0.13084412,RUNNING
1581740154113,0.77474976,1.3168182,0.89286804,RUNNING
1581740154145,0.6485138,0.83958435,1.2337494,RUNNING
1581740154147,0.34970093,-0.4030609,2.5962372,RUNNING
1581740154174,-0.10942078,-1.1253052,2.9525604,RUNNING
1581740154186,-1.0069122,-2.8510437,2.3070068,RUNNING
1581740154206,-1.7296906,-4.1527863,2.8236694,RUNNING
1581740154226,-0.19891357,-4.87558,4.076416,RUNNING
1581740154247,2.866928,-5.5285797,4.4684296,RUNNING
1581740154267,4.7854614,-5.463608,3.9890594,RUNNING
1581740154290,5.459778,-4.1703644,4.6457977,RUNNING
1581740154309,5.317032,-4.6966095,5.201874,RUNNING
1581740154352,5.0869446,-4.2806244,4.9589996,RUNNING
1581740154353,5.1316833,-3.5477295,4.2457886,RUNNING
1581740154365,6.1996,-4.0713043,2.1243134,RUNNING
1581740154386,8.05423,-2.9756775,1.6673279,RUNNING
1581740154405,7.928009,-0.2262268,1.954422,RUNNING
1581740154425,2.5596008,1.3887177,-0.021133423,RUNNING
1581740154446,-5.01976,0.18977356,-2.3801575,RUNNING
1581740154466,-7.868805,-0.93782043,-4.586853,RUNNING
1581740154486,-5.1667786,0.8970947,-6.5703735,RUNNING
1581740154506,-2.9654083,2.5626373,-7.0279083,RUNNING
1581740154555,-8.878677,2.810318,-7.5120697,RUNNING
1581740154590,-10.610794,4.114197,-8.444168,RUNNING
1581740154594,-10.887772,3.6145935,-5.8726196,RUNNING
1581740154613,-6.6480103,3.0254974,-0.70822144,RUNNING
1581740154633,-1.7051849,3.5346985,1.5160522,RUNNING
1581740154653,0.29537964,3.2438812,0.953598,RUNNING
1581740154673,0.144104,2.6601105,0.31869507,RUNNING
1581740154696,-0.6676178,2.0550385,0.5743561,RUNNING
1581740154715,-1.2364807,1.0877838,1.0217743,RUNNING
1581740154735,0.3486328,-1.9791107,-0.38438416,RUNNING
1581740154752,0.69592285,-2.572998,-0.50102234,RUNNING
1581740154809,1.2924652,-4.2220306,0.73521423,RUNNING
1581740154809,1.0826111,-4.6934204,3.1107635,RUNNING
1581740154811,1.9523926,-4.930969,2.6031494,RUNNING
1581740154831,3.549759,-5.51474,1.4052734,RUNNING
1581740154850,5.5934753,-5.474777,3.359497,RUNNING
1581740154872,6.4531403,-5.2351074,5.794159,RUNNING
1581740154891,6.227844,-5.2883606,5.600281,RUNNING
1581740154912,6.611328,-3.7091064,5.5779114,RUNNING
1581740154931,7.4741974,-2.8169556,3.3025055,RUNNING
1581740154985,8.232132,-2.3658142,1.6167297,RUNNING
1581740154985,6.640091,-0.45259094,1.1714478,RUNNING
1581740154990,1.2168274,0.3618164,0.17701721,RUNNING
1581740155009,-4.173416,-1.0651245,-1.7495117,RUNNING
1581740155029,-5.55719,-0.7849579,-5.367157,RUNNING
1581740155051,-4.700714,0.6787262,-7.785843,RUNNING
1581740155070,-5.6738434,2.5200348,-7.122711,RUNNING
1581740155092,-8.79187,2.9306946,-5.62442,RUNNING
1581740155111,-9.795349,3.671585,-5.2771454,RUNNING
1581740155130,-8.085068,6.50679,-5.943466,RUNNING
1581740155195,-6.624054,3.6263123,-1.5439148,RUNNING
1581740155195,-5.195526,2.5434723,0.26437378,RUNNING
1581740155198,-1.4207764,1.9884644,1.0148468,RUNNING
1581740155218,1.035202,1.710434,1.1469421,RUNNING
1581740155240,1.2322845,1.0206757,1.4968872,RUNNING
1581740155259,0.35450745,0.64782715,1.7749176,RUNNING
1581740155279,-1.3978729,0.2627411,1.6827698,RUNNING
1581740155303,-2.6655273,-1.0965424,0.9797058,RUNNING
1581740155327,-1.9315643,-3.061432,1.2193756,RUNNING
1581740155373,0.39657593,-4.6156464,2.6974335,RUNNING
1581740155374,2.1425476,-4.6039276,2.7965088,RUNNING
1581740155379,1.9172363,-4.449997,1.2593231,RUNNING
1581740155402,2.673584,-4.0441437,0.91737366,RUNNING
1581740155416,4.8930664,-4.369034,3.1618805,RUNNING
1581740155437,6.0131836,-4.381302,4.2409973,RUNNING
1581740155457,6.5500793,-3.5802155,4.7379456,RUNNING
1581740155478,6.098938,-3.1375885,4.7012024,RUNNING
1581740155500,5.744751,-3.2824707,3.0223389,RUNNING
1581740155518,6.1213074,-2.5751343,2.16214,RUNNING
1581740155551,5.6744385,-0.41638184,1.414856,RUNNING
1581740155586,-1.7014618,0.707489,-2.1383362,RUNNING
1581740155605,-6.3156586,0.28030396,-4.7519684,RUNNING
1581740155625,-4.7731476,1.7684784,-4.5453033,RUNNING
1581740155645,-2.214386,4.9216614,-4.174591,RUNNING
1581740155665,-2.4743042,6.113693,-4.9479675,RUNNING
1581740155687,-7.484253,4.835373,-6.001526,RUNNING
1581740155705,-12.878754,3.2832947,-4.2630005,RUNNING
1581740155727,-10.693893,2.2009888,-0.48558044,RUNNING
1581740155767,-1.9235687,2.8859406,1.6918182,RUNNING
1581740155776,4.0568237,3.4121857,0.42842102,RUNNING
1581740155803,3.4283295,3.3621216,0.1690216,RUNNING
1581740155815,0.8376007,2.507248,-0.40675354,RUNNING
1581740155834,-1.3914795,0.5519562,-0.40515137,RUNNING
1581740155853,-1.6050568,-1.2771149,0.21057129,RUNNING
1581740155873,0.014144897,-1.9924316,0.8838196,RUNNING
1581740155893,0.7784729,-2.585785,1.9581451,RUNNING
1581740155915,-0.010360718,-4.5075226,2.3373718,RUNNING
1581740155954,0.21974182,-6.295044,1.9293823,RUNNING
1581740155954,3.484253,-5.496628,1.7892914,RUNNING
1581740155973,7.31015,-4.496338,2.7922363,RUNNING
1581740156001,5.4885406,-5.1275024,3.4569702,RUNNING
1581740156011,2.7460175,-6.167206,3.7355347,RUNNING
1581740156032,3.6679993,-5.038559,3.5576324,RUNNING
1581740156051,4.967102,-4.181549,2.7783966,RUNNING
1581740156072,5.744217,-3.9663696,1.7908936,RUNNING
1581740156094,6.4419556,-2.8180084,1.3168488,RUNNING
1581740156117,5.302658,-0.4185028,0.59088135,RUNNING
1581740156150,1.1832733,1.0334473,-0.701828,RUNNING
1581740156152,-4.1169586,1.0712738,-2.2033234,RUNNING
1581740156172,-6.484497,0.09176636,-4.2161407,RUNNING
1581740156221,-3.2956238,3.0212402,-5.2515717,RUNNING
1581740156240,-4.573944,4.019394,-5.7884674,RUNNING
1581740156260,-7.791046,3.7818298,-7.1594696,RUNNING
1581740156281,-11.25528,4.593567,-7.04335,RUNNING
1581740156301,-10.590561,4.337906,-3.4970856,RUNNING
1581740156327,-4.431198,3.09581,-0.07759094,RUNNING
1581740156367,0.49565125,2.7623749,0.7810211,RUNNING
1581740156367,1.6045837,2.620697,0.4539795,RUNNING
1581740156379,0.98139954,2.9658356,-0.050949097,RUNNING
1581740156400,-1.5880127,1.3817902,0.604187,RUNNING
1581740156434,-1.6737671,0.8310547,0.9083252,RUNNING
1581740156439,-1.1043854,-0.5101166,1.7754517,RUNNING
1581740156459,0.31455994,-0.9133148,1.7701111,RUNNING
1581740156478,0.96170044,-1.6105347,1.4494781,RUNNING
1581740156498,0.7060394,-2.9932556,1.8175201,RUNNING
1581740156518,0.221344,-4.7733154,2.3767853,RUNNING
1581740156550,0.6554413,-5.5541534,2.3661346,RUNNING
1581740156558,2.5377655,-5.58078,1.9794464,RUNNING
1581740156578,4.05896,-5.709137,2.068924,RUNNING
1581740156596,5.2190247,-4.7109985,2.5509644,RUNNING
1581740156626,5.7916107,-3.9450684,3.2146301,RUNNING
1581740156636,4.3375244,-3.7101746,4.537674,RUNNING
1581740156656,3.0299072,-3.4523773,3.8633728,RUNNING
1581740156676,3.5476227,-3.350647,2.5046234,RUNNING
1581740156696,5.428879,-2.4952393,1.9629364,RUNNING
1581740156719,6.988434,-1.9333191,1.5181885,RUNNING
1581740156754,6.16658,-1.4922943,0.8795624,RUNNING
1581740156756,1.8714447,-0.49041748,-0.4307251,RUNNING
1581740156776,-3.7648773,0.32078552,-2.277893,RUNNING
1581740156797,-6.4594727,0.2680664,-3.4645996,RUNNING
1581740156855,-2.1760406,3.8010101,-5.1216125,RUNNING
1581740156875,-4.058365,3.3589172,-5.8534546,RUNNING
1581740156895,-8.552704,3.669983,-7.295822,RUNNING
1581740156917,-12.891525,5.3509674,-7.012451,RUNNING
1581740156946,-11.943451,3.7562714,-2.550064,RUNNING
1581740156959,-4.5792694,2.523758,0.8545227,RUNNING
1581740156977,1.4597168,3.1554565,1.2998047,RUNNING
1581740156995,2.3353577,2.8966064,0.779953,RUNNING
1581740157026,-0.5355377,1.7098999,-0.3961029,RUNNING
1581740157045,-0.73420715,1.3679504,-0.35243225,RUNNING
1581740157080,-1.1059875,0.18338013,0.19566345,RUNNING
1581740157087,-1.0015869,-1.0065308,0.7112427,RUNNING
1581740157105,-0.6798706,-1.7831116,0.6419983,RUNNING
1581740157151,-0.24258423,-2.7024384,0.9498596,RUNNING
1581740157151,0.84931946,-4.0872803,2.0161896,RUNNING
1581740157164,2.500473,-4.78183,2.8108826,RUNNING
1581740157183,3.2062225,-5.0582733,2.81781,RUNNING
1581740157203,3.5913086,-4.7008667,1.9240417,RUNNING
1581740157223,4.665085,-3.8332214,2.8087616,RUNNING
1581740157243,4.044586,-4.158661,4.8130493,RUNNING
1581740157287,3.5625458,-4.182617,5.0420837,RUNNING
1581740157288,4.725281,-4.4388123,3.6018372,RUNNING
1581740157307,6.2805634,-4.3940735,2.1136627,RUNNING
1581740157338,6.9543457,-3.302185,1.162384,RUNNING
1581740157342,6.142624,-1.8933716,0.39219666,RUNNING
1581740157362,3.899704,-1.3010864,-0.057876587,RUNNING
1581740157382,0.30763245,-0.4877472,-1.1561737,RUNNING
1581740157403,-3.697235,0.4635315,-3.1300964,RUNNING
1581740157422,-5.2290955,0.5418396,-4.366867,RUNNING
1581740157471,-2.8908234,1.7716827,-3.905075,RUNNING
1581740157514,-3.9561005,2.683548,-4.202286,RUNNING
1581740157516,-7.0187225,3.9842377,-5.383667,RUNNING
1581740157532,-10.405212,4.6638794,-5.956772,RUNNING
1581740157555,-11.253159,4.2388306,-3.7197266,RUNNING
1581740157569,-8.556976,2.6558533,-0.16918945,RUNNING
1581740157590,-3.871933,1.7343903,1.8398895,RUNNING
1581740157609,-0.16801453,1.5991058,1.7855682,RUNNING
1581740157630,1.3403931,1.8515778,1.1325531,RUNNING
1581740157650,0.21760559,1.4648895,0.3794098,RUNNING
1581740157669,-0.060958862,1.2971039,0.2888794,RUNNING
1581740157710,-0.86309814,0.5514221,0.14985657,RUNNING
1581740157711,-1.115036,-0.2874756,0.063568115,RUNNING
1581740157737,-0.48919678,-0.87338257,0.15357971,RUNNING
1581740157748,0.44345093,-1.8326416,1.1245728,RUNNING
1581740157768,1.4245605,-3.27182,2.5227356,RUNNING
1581740157789,2.227234,-4.1682434,3.086792,RUNNING
1581740157809,2.6490784,-4.273163,2.5328522,RUNNING
1581740157828,3.3462982,-3.4955292,1.7658539,RUNNING
1581740157848,4.3758698,-3.0305328,2.2068787,RUNNING
1581740157868,3.5396423,-4.38768,4.550995,RUNNING
1581740157918,3.5108795,-4.818054,5.668457,RUNNING
1581740157920,5.221161,-4.2662354,5.1619263,RUNNING
1581740157929,6.2789764,-4.273697,3.8351288,RUNNING
1581740157954,6.27684,-3.9663696,2.577057,RUNNING
1581740157966,5.5993347,-3.065689,1.0244293,RUNNING
1581740157986,4.0371246,-2.0739288,-0.3673401,RUNNING
1581740158007,1.8980713,-1.5626068,-1.4256744,RUNNING
1581740158027,-0.7033081,-0.9202423,-2.7088013,RUNNING
1581740158048,-3.2556915,-0.49095154,-4.397766,RUNNING
1581740158108,-4.2799377,0.96315,-6.1559906,RUNNING
1581740158180,-5.494339,1.1239929,-5.972763,RUNNING
1581740158180,-8.3545685,1.746109,-6.693939,RUNNING
1581740158180,-11.876343,3.3589172,-7.5546722,RUNNING
1581740158186,-12.650787,2.4673004,-4.257675,RUNNING
1581740158207,-9.230225,1.5245361,0.005508423,RUNNING
1581740158226,-3.569397,2.239334,1.7376251,RUNNING
1581740158246,0.5297394,2.909378,1.4319,RUNNING
1581740158276,0.025863647,2.016693,0.31230164,RUNNING
1581740158298,-0.3587036,1.5154877,0.32562256,RUNNING
1581740158339,-1.194931,-0.35299683,0.6009979,RUNNING
1581740158341,-0.48919678,-1.8507538,0.71284485,RUNNING
1581740158373,1.3803558,-2.681137,0.54400635,RUNNING
1581740158373,2.995819,-3.6585083,1.2465363,RUNNING
1581740158393,3.933792,-4.528305,2.53125,RUNNING
1581740158413,3.9684143,-4.7924805,3.0186157,RUNNING
1581740158433,2.8743896,-5.1397552,2.2691956,RUNNING
1581740158454,2.7428284,-4.9320374,1.398346,RUNNING
1581740158473,5.717041,-4.038803,1.8526764,RUNNING
1581740158498,7.211609,-3.2521057,3.6987915,RUNNING
1581740158538,5.0368805,-3.513626,5.462326,RUNNING
1581740158542,3.3686676,-3.8193665,5.1837616,RUNNING
1581740158576,4.0046234,-3.6164398,3.0580292,RUNNING
1581740158576,5.8837585,-3.0433197,1.9038086,RUNNING
1581740158592,7.2861786,-2.1186676,1.1906128,RUNNING
1581740158612,6.199066,-1.0635223,-0.009414673,RUNNING
1581740158631,2.4733124,-0.6683197,-1.2872009,RUNNING
1581740158652,-1.8964081,-0.50213623,-2.1165009,RUNNING
1581740158675,-4.779541,-0.20066833,-3.025177,RUNNING
1581740158735,-2.6074677,1.9644928,-4.8158875,RUNNING
1581740158741,-2.8045502,2.8028564,-4.7210693,RUNNING
1581740158775,-4.826416,3.2939453,-4.729599,RUNNING
1581740158780,-8.507965,3.7562714,-5.8385315,RUNNING
1581740158800,-12.2417145,4.0002136,-6.163437,RUNNING
1581740158819,-12.077667,3.0063171,-2.9878845,RUNNING
1581740158840,-6.447754,2.5983276,0.31550598,RUNNING
1581740158860,-0.94033813,2.667572,1.2934113,RUNNING
1581740158882,1.0091095,2.3522491,0.7426758,RUNNING
1581740158904,-0.43006897,1.7503815,-0.6730652,RUNNING
1581740158919,-0.75497437,1.5746155,-0.70610046,RUNNING
1581740158954,-1.4053192,0.7911072,-0.43977356,RUNNING
1581740158958,-1.0559235,-0.35990906,0.3458557,RUNNING
1581740158990,0.36727905,-1.4486237,0.7581177,RUNNING
1581740159001,2.2895508,-2.2603455,0.9328308,RUNNING
1581740159017,3.7191467,-2.938385,1.6444244,RUNNING
1581740159037,4.011017,-3.6446686,2.5658722,RUNNING
1581740159057,3.0176697,-5.0497437,2.8753357,RUNNING
1581740159077,1.8069916,-6.5933075,2.4588165,RUNNING
1581740159099,2.4781036,-4.8058014,1.0888824,RUNNING
1581740159134,5.589218,-2.5549011,1.3258972,RUNNING
1581740159137,5.7740326,-3.796463,3.821289,RUNNING
1581740159180,4.6427307,-4.463318,4.8961334,RUNNING
1581740159180,4.6901245,-4.0132446,4.2713623,RUNNING
1581740159196,5.858719,-2.872345,2.574936,RUNNING
1581740159216,7.0161285,-1.6392975,1.4340363,RUNNING
1581740159237,6.627304,-0.8616638,0.33520508,RUNNING
1581740159257,3.8187408,-0.6193085,-1.1481781,RUNNING
1581740159278,-0.1504364,-0.89201355,-2.3988037,RUNNING
1581740159299,-3.2684631,-0.22836304,-3.4166565,RUNNING
1581740159356,-3.0005493,2.350113,-5.609497,RUNNING
1581740159375,-4.2959137,2.2904663,-5.7000427,RUNNING
1581740159406,-7.248825,2.2510529,-6.1858063,RUNNING
1581740159416,-10.640625,3.2673035,-6.1911316,RUNNING
1581740159435,-11.72081,3.2001953,-4.1192017,RUNNING
1581740159455,-9.179092,2.2670288,-1.3633575,RUNNING
1581740159483,-4.128662,2.5493164,0.88967896,RUNNING
1581740159497,-0.030593872,2.7527924,1.1495972,RUNNING
1581740159535,-0.35231018,1.4915161,0.15464783,RUNNING
1581740159544,-0.5589752,1.1133423,0.1759491,RUNNING
1581740159565,-0.5445862,-0.08294678,0.5487976,RUNNING
1581740159586,0.32521057,-1.0187836,1.2763672,RUNNING
1581740159636,1.2141724,-1.8006897,2.020462,RUNNING
1581740159636,1.7159119,-3.2771454,2.5333862,RUNNING
1581740159645,2.6357574,-5.2707825,2.897705,RUNNING
1581740159663,3.819275,-6.316345,3.4654999,RUNNING
1581740159686,4.9143677,-5.9083557,3.8915863,RUNNING
1581740159733,6.1101227,-4.93309,3.4500427,RUNNING
1581740159733,6.561264,-4.1708984,2.577057,RUNNING
1581740159742,5.254196,-3.9205627,3.0590973,RUNNING
1581740159762,4.525009,-3.9376068,4.157913,RUNNING
1581740159781,5.5769653,-3.716034,3.4564362,RUNNING
1581740159803,6.642761,-3.0715485,2.1850433,RUNNING
1581740159821,6.6358337,-2.4009705,1.5543976,RUNNING
1581740159842,5.146057,-1.8795166,0.8188324,RUNNING
1581740159863,2.0621185,-1.4054718,-0.31407166,RUNNING
1581740159885,-1.2364807,-1.0145264,-1.9689636,RUNNING
1581740159934,-3.5491638,-0.31037903,-3.8997498,RUNNING
1581740159934,-4.074875,0.33677673,-5.336273,RUNNING
1581740159971,-4.492981,1.6268005,-6.534149,RUNNING
1581740159990,-5.2642365,2.2435913,-6.8217773,RUNNING
1581740160012,-7.0506897,3.401535,-7.0294952,RUNNING
1581740160046,-9.64035,3.8819733,-6.0292206,RUNNING
1581740160050,-10.50853,3.1171112,-3.729309,RUNNING
1581740160070,-7.133774,2.0912628,-0.5111542,RUNNING
1581740160091,-2.1131897,1.1985626,1.8079376,RUNNING
1581740160122,0.5361328,1.3466339,1.5554657,RUNNING
1581740160133,0.89938354,1.4776611,0.97276306,RUNNING
1581740160150,-0.22872925,0.74583435,0.37728882,RUNNING
1581740160169,-0.21542358,0.5556793,0.28567505,RUNNING
1581740160189,0.07752991,-0.3508606,0.26063538,RUNNING
1581740160208,0.77207947,-1.5311737,0.8934021,RUNNING
1581740160250,1.5614471,-2.4840546,1.8510742,RUNNING
1581740160251,2.3492126,-3.3533173,2.691574,RUNNING
1581740160269,3.5242004,-4.7440186,2.942978,RUNNING
1581740160307,5.0043793,-5.832718,2.814621,RUNNING
1581740160308,5.7532654,-5.629242,2.9653473,RUNNING
1581740160327,6.1868286,-4.289673,2.049759,RUNNING
1581740160347,6.144211,-4.080887,3.212494,RUNNING
1581740160367,4.440323,-5.5695953,4.603195,RUNNING
1581740160387,4.680542,-4.9863586,5.191757,RUNNING
1581740160407,5.76178,-3.1487732,4.7533875,RUNNING
1581740160451,5.6760254,-2.7865906,3.6652222,RUNNING
1581740160451,5.3410034,-3.0342712,2.2489471,RUNNING
1581740160467,4.797714,-2.663559,0.8167114,RUNNING
1581740160506,2.848816,-1.6909637,-0.5196686,RUNNING
1581740160520,-0.50250244,-1.0315704,-1.6871948,RUNNING
1581740160526,-3.6498413,-0.9021301,-3.4289093,RUNNING
1581740160567,-4.667694,0.059265137,-5.2808685,RUNNING
1581740160587,-4.5622253,1.2134857,-5.717087,RUNNING
1581740160608,-5.0256195,1.9101715,-5.7906036,RUNNING
1581740160628,-6.564926,2.6590424,-7.130707,RUNNING
1581740160667,-10.647018,3.576233,-9.04924,RUNNING
1581740160669,-13.83429,2.8007202,-5.875824,RUNNING
1581740160685,-8.24379,1.1176147,0.3101654,RUNNING
1581740160705,0.03225708,2.6441345,1.943222,RUNNING
1581740160724,1.8719635,2.6015167,0.9035187,RUNNING
1581740160744,0.55422974,1.9293365,0.41030884,RUNNING
1581740160765,-1.2460632,1.3221436,0.1802063,RUNNING
1581740160783,-1.2620392,1.1229401,0.21003723,RUNNING
1581740160807,-0.73101807,0.13330078,0.7480011,RUNNING
1581740160823,0.0184021,-1.2899017,1.6550751,RUNNING
1581740160861,-0.37467957,-2.2965698,1.9112701,RUNNING
1581740160864,0.18299866,-2.9181519,2.0183258,RUNNING
1581740160883,3.0133972,-4.548538,3.3067627,RUNNING
1581740160902,5.0890656,-6.3717346,4.415695,RUNNING
1581740160923,4.3050385,-6.7834625,3.9555054,RUNNING
1581740160942,3.7995758,-5.725662,2.723526,RUNNING
1581740160962,6.018509,-5.4476166,3.9240875,RUNNING
1581740160982,7.3655396,-4.499008,5.050598,RUNNING
1581740161002,6.273651,-3.1317291,5.6269073,RUNNING
1581740161022,4.7705536,-4.103256,4.7054596,RUNNING
1581740161056,5.1061096,-4.3642426,2.8545532,RUNNING
1581740161062,6.367386,-2.7322693,1.269455,RUNNING
1581740161082,6.2028046,-1.3149261,0.17755127,RUNNING
1581740161103,3.4091492,-0.35992432,-0.26187134,RUNNING
1581740161123,-1.7621918,-0.20918274,-1.2073059,RUNNING
1581740161141,-5.9374847,-0.68162537,-3.070984,RUNNING
1581740161161,-6.4088745,-0.4046631,-4.805771,RUNNING
1581740161225,-4.238388,2.3085785,-5.2323914,RUNNING
1581740161243,-6.9494934,1.5426483,-5.750122,RUNNING
1581740161261,-10.382828,2.3192291,-6.019623,RUNNING
1581740161300,-10.958084,4.627655,-4.4984283,RUNNING
1581740161331,-7.598236,5.0825195,-1.7223511,RUNNING
1581740161331,-4.04451,3.8041992,-0.12339783,RUNNING
1581740161340,-1.9651184,2.6462555,0.16423035,RUNNING
1581740161361,-0.5344696,1.7610321,-0.05947876,RUNNING
1581740161390,0.23464966,0.44648743,-0.05734253,RUNNING
1581740161409,0.18139648,0.12158203,0.18234253,RUNNING
1581740161432,-0.019943237,-1.2020111,1.2076569,RUNNING
1581740161450,-0.27827454,-2.3674164,1.7988739,RUNNING
1581740161471,-0.21116638,-2.9421234,1.7690582,RUNNING
1581740161540,1.1720886,-3.4347992,2.005005,RUNNING
1581740161540,3.1438904,-4.2199097,2.8742676,RUNNING
1581740161540,3.5194092,-5.8897095,3.8713531,RUNNING
1581740161549,3.4368439,-6.045761,4.0982513,RUNNING
1581740161568,5.253128,-5.1408234,4.2559204,RUNNING
1581740161589,7.7021637,-5.7613373,4.677231,RUNNING
1581740161608,8.07074,-3.1844635,4.3528595,RUNNING
1581740161627,5.224365,-1.7484894,4.647934,RUNNING
1581740161649,3.0996857,-3.0603638,3.186386,RUNNING
1581740161673,3.902893,-3.6153717,1.3488159,RUNNING
1581740161742,6.161789,-2.3066864,0.6830139,RUNNING
1581740161742,6.222519,-0.68003845,0.11416626,RUNNING
1581740161742,2.3177795,0.13490295,-0.7353821,RUNNING
1581740161748,-3.4783325,0.15568542,-2.4105225,RUNNING
1581740161767,-7.1295166,-0.5729675,-4.2917786,RUNNING
1581740161787,-6.7721252,-0.053649902,-5.2973785,RUNNING
1581740161836,-2.5446167,3.1075287,-5.1024323,RUNNING
1581740161855,-5.274887,2.9647827,-5.9791565,RUNNING
1581740161877,-9.850204,3.272644,-7.3799744,RUNNING
1581740161897,-13.240936,4.1845093,-6.834549,RUNNING
1581740161916,-10.414795,3.7583923,-2.360443,RUNNING
1581740161936,-3.139038,2.8475952,0.9621124,RUNNING
1581740161955,0.5670166,2.8944702,0.6766205,RUNNING
1581740161975,0.09724426,2.4790192,-0.352417,RUNNING
1581740161995,-0.6591034,1.7258759,-0.22138977,RUNNING
1581740162017,-0.33099365,0.8502197,0.31550598,RUNNING
1581740162034,-0.4407196,0.4741974,0.4412079,RUNNING
1581740162056,-1.1368713,-1.0869598,0.8353424,RUNNING
1581740162075,-1.4356842,-2.4952393,1.1410828,RUNNING
1581740162103,-0.022079468,-3.366623,1.7765045,RUNNING
1581740162114,2.593155,-4.2342834,2.7299194,RUNNING
1581740162138,4.104233,-5.293686,3.3770752,RUNNING
1581740162153,3.5119476,-5.422592,3.693985,RUNNING
1581740162172,2.5793,-4.2816925,3.2076874,RUNNING
1581740162192,4.1495056,-4.3653107,3.1560364,RUNNING
1581740162212,6.6976166,-5.3693237,4.6756287,RUNNING
1581740162232,6.7279816,-3.889679,6.9691467,RUNNING
1581740162252,5.0262146,-3.1876678,6.957962,RUNNING
1581740162288,4.860031,-3.127472,4.6708374,RUNNING
1581740162292,7.101364,-2.7189484,2.9642792,RUNNING
1581740162319,7.755432,-0.60279846,1.7349701,RUNNING
1581740162331,3.6339111,0.9828491,-0.5063629,RUNNING
1581740162352,-3.0756683,-0.20065308,-2.5388794,RUNNING
1581740162372,-7.203018,-1.5120087,-4.6875153,RUNNING
1581740162393,-5.5790253,-0.16923523,-7.0971527,RUNNING
1581740162411,-2.6953583,2.0688934,-8.290237,RUNNING
1581740162471,-9.941818,4.2217865,-8.904358,RUNNING
1581740162494,-11.498169,4.7938385,-7.98291,RUNNING
1581740162510,-9.609451,3.2396088,-3.122116,RUNNING
1581740162529,-3.517212,2.9136505,0.3005829,RUNNING
1581740162549,-0.11581421,3.065979,0.2750244,RUNNING
1581740162572,-0.55470276,2.2648926,-0.5313873,RUNNING
1581740162589,-1.5219727,1.7716827,-0.668808,RUNNING
1581740162609,-1.4228973,1.2603455,-0.16918945,RUNNING
1581740162641,0.32733154,-1.4603271,1.9804993,RUNNING
1581740162660,0.3715515,-1.7644653,2.1839752,RUNNING
1581740162685,0.23252869,-2.982605,2.689972,RUNNING
1581740162698,0.6053772,-4.5863495,2.9541626,RUNNING
1581740162718,2.7316437,-6.157089,3.3318024,RUNNING
1581740162738,5.175888,-6.600769,3.6492462,RUNNING
1581740162769,5.5849457,-4.4457397,3.5587006,RUNNING
1581740162777,4.4009094,-3.925888,4.198395,RUNNING
1581740162798,5.192398,-5.551483,5.287094,RUNNING
1581740162817,7.2052155,-3.5301514,5.6130524,RUNNING
1581740162837,6.5202484,-1.7836456,5.4383545,RUNNING
1581740162858,4.840866,-1.6600647,4.239929,RUNNING
1581740162884,4.376938,-1.5588684,2.926468,RUNNING
1581740162897,4.8994446,-0.69706726,1.5496063,RUNNING
1581740162916,3.7159424,-0.15698242,-0.14257812,RUNNING
1581740162937,0.0844574,-0.29333496,-1.4618988,RUNNING
1581740162967,-3.5406494,-0.31411743,-3.2073364,RUNNING
1581740162978,-4.80777,0.25421143,-5.540268,RUNNING
1581740162996,-4.250641,0.9594269,-7.263321,RUNNING
1581740163016,-4.1169586,1.2294617,-7.387436,RUNNING
1581740163036,-5.1987305,1.5293427,-6.7104645,RUNNING
1581740163085,-7.999832,4.703293,-7.420456,RUNNING
1581740163105,-9.228088,3.925644,-5.321884,RUNNING
1581740163125,-6.770523,3.4281616,-2.0632324,RUNNING
1581740163145,-1.6860199,3.4984741,-1.0011749,RUNNING
1581740163165,0.13238525,2.6792908,-1.6211548,RUNNING
1581740163185,-1.0905304,1.4723358,-1.7106323,RUNNING
1581740163207,-2.1462097,0.7863159,-1.2014313,RUNNING
1581740163224,-1.8575287,0.24302673,-0.17132568,RUNNING
1581740163244,-0.683609,-0.58255005,1.2795563,RUNNING
1581740163264,0.34970093,-1.9237213,1.973053,RUNNING
1581740163285,0.3539734,-2.1128082,2.082779,RUNNING
1581740163304,0.67248535,-2.8441162,3.1427155,RUNNING
1581740163323,1.7148438,-4.273163,4.694275,RUNNING
1581740163344,3.0964966,-5.6372375,5.0905457,RUNNING
1581740163363,4.2453766,-5.854019,4.5131683,RUNNING
1581740163388,4.3567047,-4.1341553,3.2566986,RUNNING
1581740163403,5.1401978,-4.3946075,4.302246,RUNNING
1581740163422,6.580963,-4.01857,5.85701,RUNNING
1581740163442,5.589737,-2.1501007,6.6740723,RUNNING
1581740163482,4.82222,-2.5314636,4.6548615,RUNNING
1581740163502,5.9455414,-2.4318542,2.7059479,RUNNING
1581740163521,6.881912,-1.4230499,1.7291107,RUNNING
1581740163541,4.717285,-1.1631165,0.21961975,RUNNING
1581740163561,-1.1214294,-1.5253143,-1.7234192,RUNNING
1581740163581,-6.208069,-1.3229065,-4.2566223,RUNNING
1581740163605,-5.956665,-0.27896118,-6.4617157,RUNNING
1581740163621,-2.4743042,1.4318542,-7.2723846,RUNNING
1581740163641,-1.5826874,1.9229431,-6.752533,RUNNING
1581740163661,-4.305496,1.4030914,-6.498993,RUNNING
1581740163683,-7.895447,2.0177612,-7.6878357,RUNNING
1581740163700,-11.160477,3.8446808,-9.117416,RUNNING
1581740163721,-11.59404,4.343231,-7.553604,RUNNING
1581740163740,-6.4573364,3.816986,-3.3340912,RUNNING
1581740163760,-2.5052032,3.0084534,-0.56333923,RUNNING
1581740163780,-2.7544708,1.2006989,-0.27998352,RUNNING
1581740163800,-2.9867096,0.5679321,-0.30023193,RUNNING
1581740163821,-1.8852234,0.90348816,0.1333313,RUNNING
1581740163840,-0.83380127,0.80548096,0.54026794,RUNNING
1581740163861,-0.65696716,-0.35246277,1.1964722,RUNNING
1581740163890,0.23571777,-2.429718,2.0433502,RUNNING
1581740163908,0.57022095,-2.5969696,2.1418915,RUNNING
1581740163929,1.6115112,-3.5652924,2.9195404,RUNNING
1581740163949,2.4823608,-5.2398987,3.7317963,RUNNING
1581740163969,2.8424225,-6.853241,3.801056,RUNNING
1581740163988,3.663742,-6.5400543,3.1778717,RUNNING
1581740164019,6.7141266,-3.7479858,1.5794373,RUNNING
1581740164028,8.834,-3.174881,3.1096954,RUNNING
1581740164049,6.845688,-2.6102905,5.0516663,RUNNING
1581740164068,3.36174,-3.188202,5.654068,RUNNING
1581740164118,5.5971985,-3.208435,2.6186066,RUNNING
1581740164137,8.259293,-1.6073456,0.8215027,RUNNING
1581740164157,6.308792,-0.7838898,0.39006042,RUNNING
1581740164176,1.2967224,-0.01902771,-0.90849304,RUNNING
1581740164197,-4.7582397,0.21852112,-3.170044,RUNNING
1581740164216,-7.406479,-0.13726807,-4.821213,RUNNING
1581740164236,-5.317505,0.5626068,-5.4912567,RUNNING
1581740164258,-2.2133179,2.4886017,-5.255829,RUNNING
1581740164287,-2.1802979,3.5410767,-4.841446,RUNNING
1581740164297,-5.094864,3.496338,-5.480606,RUNNING
1581740164316,-8.397186,2.6473236,-6.8398895,RUNNING
1581740164336,-10.291229,3.561325,-7.172241,RUNNING
1581740164356,-9.486954,3.865982,-4.384445,RUNNING
1581740164376,-6.8695984,2.6111145,-1.3473816,RUNNING
1581740164398,-4.6911316,1.8856659,-0.5899811,RUNNING
1581740164418,-3.1166687,1.248642,-0.8222046,RUNNING
1581740164468,-1.8117218,1.1293182,-1.1662903,RUNNING
1581740164469,-1.1192932,0.6680603,-0.17771912,RUNNING
1581740164483,-1.0308838,0.28137207,0.9472046,RUNNING
1581740164504,-1.2716217,-0.13833618,1.3892822,RUNNING
1581740164514,-1.1683044,-0.70718384,1.8111267,RUNNING
1581740164534,-0.9707031,-1.1151886,1.8878326,RUNNING
1581740164554,0.12547302,-3.2590332,2.7906494,RUNNING
1581740164574,1.909256,-4.829239,3.9033203,RUNNING
1581740164595,3.3926392,-5.1402893,3.6897278,RUNNING
1581740164614,3.4687958,-6.0063477,2.8566895,RUNNING
1581740164649,3.4480286,-6.475601,2.3283234,RUNNING
1581740164653,5.7426147,-5.1711884,2.1434937,RUNNING
1581740164690,8.680603,-5.387436,3.868164,RUNNING
1581740164698,8.490463,-4.623642,5.0372925,RUNNING
1581740164733,5.829956,-3.6324158,4.232483,RUNNING
1581740164753,5.1370087,-3.4917908,2.5759888,RUNNING
1581740164773,6.3631287,-2.5309296,1.6630554,RUNNING
1581740164795,6.3109283,-0.90852356,0.48806763,RUNNING
1581740164814,2.1052551,-0.07015991,-1.1833344,RUNNING
1581740164832,-3.792038,-0.56443787,-2.9442139,RUNNING
1581740164863,-6.899414,-1.0928192,-5.1343994,RUNNING
1581740164892,-6.2836914,-0.08401489,-6.78981,RUNNING
1581740164892,-4.3236084,2.2158966,-6.7014008,RUNNING
1581740164911,-3.7025604,3.6774445,-6.349869,RUNNING
1581740164931,-5.921509,3.593277,-7.8412323,RUNNING
1581740164951,-11.082718,3.925644,-9.576553,RUNNING
1581740164970,-14.403137,2.922165,-5.7799377,RUNNING
1581740164990,-9.207855,1.8611603,-0.117004395,RUNNING
1581740165012,-0.8401947,2.749588,1.6215057,RUNNING
1581740165031,1.7398682,2.4161682,1.2923431,RUNNING
1581740165062,0.9334717,1.9613037,0.7053833,RUNNING
1581740165086,-0.105163574,1.523468,0.33787537,RUNNING
1581740165090,-1.1725616,0.74050903,0.27928162,RUNNING
1581740165110,-1.499588,-0.041397095,0.4507904,RUNNING
1581740165141,0.10575867,-1.0534058,0.94400024,RUNNING
1581740165160,-0.06895447,-1.3181152,1.2774353,RUNNING
1581740165179,-0.5286102,-2.5469055,2.4391022,RUNNING
1581740165201,0.5409241,-4.0446625,2.594635,RUNNING
1581740165220,3.7681427,-5.2207184,1.7615967,RUNNING
1581740165241,7.165802,-4.016968,2.4337769,RUNNING
1581740165293,7.102417,-2.7439728,4.3992004,RUNNING
1581740165293,4.4158173,-4.4255066,5.124634,RUNNING
1581740165298,3.502884,-4.4095154,5.1763,RUNNING
1581740165318,5.065628,-2.953308,5.050598,RUNNING
1581740165367,5.6866913,-1.9514313,2.8854523,RUNNING
1581740165388,4.5436554,-1.5040131,1.2444153,RUNNING
1581740165408,3.1076813,-1.0427551,0.52108765,RUNNING
1581740165429,1.3425293,-0.19374084,-0.12339783,RUNNING
1581740165451,-0.74964905,0.45288086,-0.9425812,RUNNING
1581740165486,-2.932373,0.7106781,-2.4350128,RUNNING
1581740165492,-3.6418457,0.43370056,-3.9966888,RUNNING
1581740165522,-3.0666046,0.54130554,-4.843582,RUNNING
1581740165526,-3.092163,1.4041595,-4.939453,RUNNING
1581740165547,-4.8328094,2.32135,-5.116287,RUNNING
1581740165566,-7.6525574,2.8806152,-6.4276276,RUNNING
1581740165587,-10.221985,3.7956848,-7.482239,RUNNING
1581740165607,-12.485672,4.2558746,-4.758362,RUNNING
1581740165627,-10.761002,3.2502594,-0.8797302,RUNNING
1581740165649,-4.84346,2.3852692,1.129364,RUNNING
1581740165681,-0.05935669,2.1157532,1.4659882,RUNNING
1581740165702,1.3329468,2.1509094,0.7341461,RUNNING
1581740165706,0.46368408,1.5671539,0.44119263,RUNNING
1581740165725,-1.09906,0.78204346,0.3612976,RUNNING
1581740165746,-2.1078644,-0.18946838,0.348526,RUNNING
1581740165764,-0.034851074,-0.8882904,0.7480011,RUNNING
1581740165785,0.42533875,-0.88243103,0.7511902,RUNNING
1581740165805,1.1385345,-1.2201233,0.80552673,RUNNING
1581740165826,0.716156,-2.3855133,1.1943512,RUNNING
1581740165847,0.24264526,-4.2502747,1.7131348,RUNNING
1581740165883,1.6738281,-4.83403,1.4159241,RUNNING
1581740165885,4.9111633,-4.4223022,0.6798248,RUNNING
1581740165905,6.5079956,-4.1921997,1.3940887,RUNNING
1581740165923,6.1527405,-4.064377,3.1512299,RUNNING
1581740165943,5.8166504,-4.9496155,3.708374,RUNNING
1581740165984,5.465103,-3.5631714,3.90065,RUNNING
1581740166005,5.7772217,-3.192459,3.6796112,RUNNING
1581740166024,6.5516815,-2.873932,2.91687,RUNNING
1581740166049,7.0491486,-2.0195923,2.4492188,RUNNING
1581740166085,6.4707184,-1.2195892,2.1839752,RUNNING
1581740166087,3.7990265,-0.8499298,1.4446716,RUNNING
1581740166102,-1.1299438,-0.22462463,-0.25442505,RUNNING
1581740166125,-5.495407,-0.08720398,-2.403061,RUNNING
1581740166142,-5.729767,-0.25657654,-4.0243835,RUNNING
1581740166161,-3.1134644,0.82359314,-5.165283,RUNNING
1581740166181,-1.9928131,1.6566315,-5.461426,RUNNING
1581740166201,-3.952896,1.7812653,-5.245178,RUNNING
1581740166221,-7.136978,2.5844727,-5.860901,RUNNING
1581740166242,-10.146347,4.2867737,-7.965866,RUNNING
1581740166273,-12.908585,4.391159,-7.819931,RUNNING
1581740166281,-10.920792,1.9932556,-2.6416779,RUNNING
1581740166303,-3.8879242,2.3927307,1.0995331,RUNNING
1581740166321,-0.07640076,2.7272186,1.1741028,RUNNING
1581740166341,-0.33099365,2.1668854,0.14505005,RUNNING
1581740166360,-1.0915985,2.192459,-0.31193542,RUNNING
1581740166391,-0.93074036,0.37831116,0.84173584,RUNNING
1581740166409,-0.46736145,-0.047790527,1.1543884,RUNNING
1581740166430,1.2977905,-1.0139923,1.7365723,RUNNING
1581740166451,2.3524017,-1.553009,1.3450775,RUNNING
1581740166468,1.8027191,-2.8036346,1.8340454,RUNNING
1581740166491,1.1039124,-4.557602,3.2827911,RUNNING
1581740166517,1.414444,-5.7629395,3.425537,RUNNING
1581740166528,3.0799713,-5.741638,2.210617,RUNNING
1581740166548,5.2616425,-3.9029846,1.5767822,RUNNING
1581740166568,6.8382263,-3.4497223,3.295044,RUNNING
1581740166588,5.636612,-3.603653,4.9584503,RUNNING
1581740166608,3.3681335,-3.318161,5.584839,RUNNING
1581740166628,3.0799866,-3.6414642,4.5797577,RUNNING
1581740166656,4.9884033,-3.636673,2.85083,RUNNING
1581740166667,6.911743,-3.0928497,1.7855682,RUNNING
1581740166690,7.2377014,-2.251297,1.3786469,RUNNING
1581740166719,5.4171753,-1.0305023,1.0851593,RUNNING
1581740166727,1.9076538,-0.1665802,0.378891,RUNNING
1581740166747,-1.9517975,0.13755798,-1.2035675,RUNNING
1581740166767,-4.4722137,0.18870544,-2.7641907,RUNNING
1581740166787,-4.397644,0.7937622,-3.7500916,RUNNING
1581740166839,-2.117447,2.7506561,-4.3599396,RUNNING
1581740166874,-3.8005676,2.8678436,-4.934128,RUNNING
1581740166876,-7.454422,2.4129639,-6.197525,RUNNING
1581740166896,-10.231567,2.670761,-6.274231,RUNNING
1581740166916,-9.803329,4.991974,-4.07872,RUNNING
1581740166936,-6.916458,4.1557465,-1.7745514,RUNNING
1581740166955,-4.429077,2.4033813,-0.957489,RUNNING
1581740166975,-3.058075,1.6875305,-0.9958496,RUNNING
1581740166994,-2.533966,1.3221436,-1.2706757,RUNNING
1581740167015,-1.7701721,1.3114929,-0.7710724,RUNNING
1581740167042,-1.4692383,1.3477173,-0.59158325,RUNNING
1581740167054,-0.6271515,1.0600891,0.063568115,RUNNING
1581740167073,-0.13552856,0.18391418,0.68515015,RUNNING
1581740167093,0.33799744,-0.6379547,0.8678436,RUNNING
1581740167113,0.62135315,-1.3628693,0.7203064,RUNNING
1581740167133,1.0628967,-2.219345,1.2545319,RUNNING
1581740167153,2.2645264,-3.3858032,2.2164612,RUNNING
1581740167174,3.2770538,-4.5384216,2.212204,RUNNING
1581740167192,3.3127441,-5.549881,1.6806335,RUNNING
1581740167212,4.3401947,-4.625763,1.5613251,RUNNING
1581740167232,6.766327,-3.1956482,2.276123,RUNNING
1581740167254,7.862488,-4.055313,3.8937225,RUNNING
1581740167273,6.2630005,-3.124817,5.4564667,RUNNING
1581740167296,4.1990356,-2.999115,5.7675323,RUNNING
1581740167311,4.3561707,-3.2601013,4.3986664,RUNNING
1581740167332,5.954605,-3.081665,3.0750732,RUNNING
1581740167354,7.2504883,-2.602829,2.2500305,RUNNING
1581740167373,6.700287,-1.9066772,1.6854248,RUNNING
1581740167391,3.537506,-0.79667664,0.93548584,RUNNING
1581740167412,-1.7163849,-0.28961182,-0.87280273,RUNNING
1581740167473,-3.8644867,0.9002991,-6.039871,RUNNING
1581740167493,-3.0346375,2.4342804,-6.1091156,RUNNING
1581740167512,-4.524948,2.9935455,-6.1101837,RUNNING
1581740167530,-7.90184,2.8816833,-7.050812,RUNNING
1581740167550,-11.321335,3.7456207,-8.287582,RUNNING
1581740167572,-12.988464,3.5655823,-5.5871277,RUNNING
1581740167591,-8.891464,2.2404022,-0.6485596,RUNNING
1581740167610,-3.1869812,1.9772797,1.2806244,RUNNING
1581740167641,0.30282593,2.0411987,0.00018310547,RUNNING
1581740167673,-0.029525757,1.8814087,-0.010482788,RUNNING
1581740167682,-1.2758942,1.3498383,0.17755127,RUNNING
1581740167700,-1.942215,0.51626587,0.5216217,RUNNING
1581740167722,-1.6689758,-0.4557953,1.081955,RUNNING
1581740167740,-0.86416626,-0.94581604,1.2348328,RUNNING
1581740167759,-0.29585266,-1.6068115,0.8806305,RUNNING
1581740167799,0.37634277,-3.0523834,0.95999146,RUNNING
1581740167799,1.4762268,-4.416443,1.734436,RUNNING
1581740167820,2.5697174,-5.296356,2.0790558,RUNNING
1581740167857,4.1010437,-5.834839,1.9938354,RUNNING
1581740167864,6.049408,-4.324829,1.9661255,RUNNING
1581740167882,7.407608,-3.353302,1.9810486,RUNNING
1581740167898,7.497101,-3.8997955,2.495041,RUNNING
1581740167917,5.76445,-2.4851227,3.5704193,RUNNING
1581740167937,4.175598,-2.969818,3.5997162,RUNNING
1581740167959,4.7849426,-2.5788574,2.4582825,RUNNING
1581740167987,6.1687164,-1.5370331,2.0135345,RUNNING
1581740167997,7.1849823,-0.95806885,1.2832947,RUNNING
1581740168018,5.7548523,-0.2965393,0.052383423,RUNNING
1581740168045,0.823761,0.39909363,-1.08107,RUNNING
1581740168088,-6.0290985,-0.43447876,-4.9000397,RUNNING
1581740168108,-3.0144043,1.2773895,-6.0792847,RUNNING
1581740168128,-0.82528687,2.2936554,-6.374359,RUNNING
1581740168149,-3.1262512,1.697113,-6.182617,RUNNING
1581740168167,-7.1881104,1.6811371,-6.818573,RUNNING
1581740168186,-10.231567,3.9480133,-8.647644,RUNNING
1581740168229,-10.164459,4.005539,-8.016998,RUNNING
1581740168230,-7.6333923,1.7279968,-2.801468,RUNNING
1581740168258,-5.2770233,0.92692566,0.91311646,RUNNING
1581740168266,-1.5453949,2.5993958,0.00018310547,RUNNING
1581740168285,-1.3339539,2.748001,-0.044021606,RUNNING
1581740168304,-1.1864166,2.7975311,0.09712219,RUNNING
1581740168324,-1.1262207,1.9751587,0.873703,RUNNING
1581740168345,-0.28785706,0.8640747,2.1264496,RUNNING
1581740168364,0.6277466,-0.27149963,2.5983734,RUNNING
1581740168383,1.3419952,-2.0435638,2.0737305,RUNNING
1581740168418,2.3199158,-3.400177,2.322998,RUNNING
1581740168424,3.5524292,-3.780487,3.4825287,RUNNING
1581740168458,4.283722,-3.9328156,3.485733,RUNNING
1581740168463,3.9407196,-4.103256,2.4753265,RUNNING
1581740168482,4.1191406,-3.3533173,2.3325806,RUNNING
1581740168502,5.919449,-2.619339,4.152054,RUNNING
1581740168523,5.251526,-1.3133392,6.050888,RUNNING
1581740168542,2.7087402,-1.5311737,6.559021,RUNNING
1581740168566,1.8123169,-2.5287933,5.386688,RUNNING
1581740168583,3.4959717,-2.7003021,3.8170166,RUNNING
1581740168614,5.974304,-1.6920319,2.4556122,RUNNING
1581740168650,5.827835,-1.2526093,1.2630615,RUNNING
1581740168650,1.7760925,-1.566864,-0.71461487,RUNNING
1581740168662,-3.6748657,-0.91970825,-3.585495,RUNNING
1581740168721,-2.6884308,2.2190857,-5.4997864,RUNNING
1581740168745,-1.8149109,2.879547,-5.687271,RUNNING
1581740168761,-3.7994995,2.9988708,-6.0792847,RUNNING
1581740168781,-7.2850494,3.114975,-6.4127045,RUNNING
1581740168801,-8.728485,3.4079285,-6.113373,RUNNING
1581740168822,-6.693817,2.6632996,-3.407608,RUNNING
1581740168877,-3.8122864,2.443863,-0.4472351,RUNNING
1581740168877,-2.9100037,2.224411,0.68515015,RUNNING
1581740168891,-1.3099823,1.6481018,-0.08078003,RUNNING
1581740168910,-1.0596466,1.5527649,-0.020065308,RUNNING
1581740168932,-0.4391327,1.061676,0.20684814,RUNNING
1581740168953,-0.23832703,0.16899109,0.6292267,RUNNING
1581740168969,-0.18772888,-0.8360901,1.0574646,RUNNING
1581740168989,-0.13446045,-1.4092102,0.8768921,RUNNING
1581740169010,0.058883667,-2.328537,0.8625183,RUNNING
1581740169034,0.61602783,-4.1708984,1.9629364,RUNNING
1581740169053,1.5960693,-5.1051483,3.739273,RUNNING
1581740169068,2.8685303,-4.3440094,4.152054,RUNNING
1581740169088,2.5031433,-4.753601,1.8420258,RUNNING
1581740169108,2.9148712,-5.281967,0.012969971,RUNNING
1581740169128,5.763382,-4.1698456,3.0601654,RUNNING
1581740169148,7.5391693,-2.9069672,6.6170807,RUNNING
1581740169167,6.2225037,-2.2262573,7.50177,RUNNING
1581740169189,4.0525665,-2.218811,6.68898,RUNNING
1581740169209,3.3196716,-2.4228058,4.9296875,RUNNING
1581740169240,4.3508453,-1.7037506,3.1123505,RUNNING
1581740169248,4.711441,-0.6464691,0.99887085,RUNNING
1581740169273,2.5548096,-0.09199524,-1.2861328,RUNNING
1581740169288,-1.7616425,-0.11703491,-3.502945,RUNNING
1581740169337,-4.0988464,1.4073639,-7.679306,RUNNING
1581740169356,-2.97818,3.3195038,-7.901947,RUNNING
1581740169376,-3.471405,4.0449524,-8.139511,RUNNING
1581740169396,-7.0815735,3.5069885,-9.256973,RUNNING
1581740169418,-11.981796,2.1573029,-8.888382,RUNNING
1581740169437,-11.055023,2.4129639,-5.0864563,RUNNING
1581740169456,-3.7206726,3.9203186,-2.4115753,RUNNING
1581740169496,-0.08918762,2.8305511,-1.3740082,RUNNING
1581740169497,-0.98187256,1.5341187,-1.4698792,RUNNING
1581740169516,-2.1142578,0.07897949,-1.1407166,RUNNING
1581740169535,-1.6748352,-0.15805054,-0.87280273,RUNNING
1581740169555,0.18778992,-0.7641907,0.69047546,RUNNING
1581740169574,1.6104431,-1.2627258,2.4108734,RUNNING
1581740169595,1.701004,-2.203354,2.7762604,RUNNING
1581740169615,1.3164368,-3.4795532,2.849228,RUNNING
1581740169649,2.1564026,-4.769577,3.9453888,RUNNING
1581740169654,4.4504547,-4.8079224,5.0047913,RUNNING
1581740169688,5.8880157,-4.3615875,4.490814,RUNNING
1581740169694,5.0651093,-3.7064514,4.0157013,RUNNING
1581740169713,4.6581726,-3.8997955,4.1174316,RUNNING
1581740169733,5.7607117,-3.115219,5.55394,RUNNING
1581740169753,5.493866,-1.3868408,6.3661957,RUNNING
1581740169773,4.390259,-1.8139954,5.5645905,RUNNING
1581740169794,4.507431,-2.697647,3.8260803,RUNNING
1581740169813,5.909851,-2.4505005,2.4545593,RUNNING
1581740169849,6.57724,-0.87124634,1.5826416,RUNNING
1581740169853,4.201172,0.81721497,1.0846252,RUNNING
1581740169886,-1.2801514,1.059555,-0.24963379,RUNNING
1581740169893,-5.98703,-0.2874756,-3.4432983,RUNNING
1581740169913,-6.14415,-0.85739136,-5.9493256,RUNNING
1581740169972,-5.07782,4.1237793,-6.8132477,RUNNING
1581740169993,-7.7324524,3.3418732,-8.614609,RUNNING
1581740170014,-10.054733,3.2044678,-9.212219,RUNNING
1581740170045,-10.368988,3.2769012,-4.887253,RUNNING
1581740170051,-6.9665375,3.0116425,-0.6730652,RUNNING
1581740170070,-2.9973602,3.2492065,0.13972473,RUNNING
1581740170090,-0.9978485,2.5823517,0.09072876,RUNNING
1581740170114,-0.10197449,2.4193573,0.12162781,RUNNING
1581740170143,-0.68040466,0.010803223,0.9472046,RUNNING
1581740170160,-1.004776,-0.51278687,1.1171112,RUNNING
1581740170180,-1.5821533,-2.1602173,1.3493347,RUNNING
1581740170202,-0.52168274,-3.2851257,1.6795654,RUNNING
1581740170247,1.6259003,-4.067566,2.803421,RUNNING
1581740170248,3.1401672,-5.2713165,3.9022522,RUNNING
1581740170259,3.3228607,-6.011673,3.6252747,RUNNING
1581740170279,2.9542847,-5.678253,2.4955597,RUNNING
1581740170299,4.4025116,-4.6167145,3.2444458,RUNNING
1581740170333,7.0949554,-4.99115,4.965378,RUNNING
1581740170338,6.8872375,-3.3383942,5.3680573,RUNNING
1581740170358,4.349777,-3.7453308,5.0724335,RUNNING
1581740170378,4.0568237,-4.6337585,2.9163513,RUNNING
1581740170400,5.747406,-4.103256,1.0361633,RUNNING
1581740170430,7.1594086,-2.5192108,0.5461273,RUNNING
1581740170437,6.3918915,-0.6853485,0.3692932,RUNNING
1581740170459,2.0243073,0.5652771,-0.3950348,RUNNING
1581740170478,-3.9513092,0.69203186,-2.5122528,RUNNING
1581740170498,-6.846695,-0.24220276,-4.509094,RUNNING
1581740170534,-5.603531,0.4640808,-5.54187,RUNNING
1581740170542,-3.3004303,2.222824,-5.525879,RUNNING
1581740170587,-7.4352417,4.94191,-7.917923,RUNNING
1581740170607,-10.34874,5.131531,-9.422089,RUNNING
1581740170647,-10.916534,3.3173828,-6.6545258,RUNNING
1581740170647,-6.2975464,1.026001,-0.83924866,RUNNING
1581740170666,-1.466568,1.3445129,1.2859497,RUNNING
1581740170686,0.010955811,1.7940521,0.52108765,RUNNING
1581740170706,-0.35336304,1.5628815,-0.105285645,RUNNING
1581740170726,-0.73579407,1.4020386,-0.16281128,RUNNING
1581740170759,-0.82528687,1.2156067,0.10458374,RUNNING
1581740170771,-1.0372772,-0.9426117,0.79592896,RUNNING
1581740170784,-1.1027832,-1.3079987,0.8284302,RUNNING
1581740170821,-0.8444519,-2.1639404,1.30513,RUNNING
1581740170824,0.9473114,-2.921341,2.6191406,RUNNING
1581740170843,3.7521667,-4.1362762,3.5294037,RUNNING
1581740170863,5.0699005,-4.9213715,4.0545807,RUNNING
1581740170883,4.010483,-5.0007477,3.5949097,RUNNING
1581740170903,2.899414,-4.9016724,3.372818,RUNNING
1581740170923,4.996399,-4.036682,3.6418,RUNNING
1581740170952,7.402298,-2.2108154,3.674286,RUNNING
1581740170963,6.5500793,-0.43875122,4.6122437,RUNNING
1581740170983,4.121277,-1.2291718,4.6244965,RUNNING
1581740171030,3.5700073,-2.490448,3.2566986,RUNNING
1581740171031,5.1343536,-2.3221436,2.22818,RUNNING
1581740171043,6.5884247,-1.3122711,1.3386841,RUNNING
1581740171062,5.1833496,-0.22410583,0.44865417,RUNNING
1581740171082,0.43545532,0.57325745,-0.46748352,RUNNING
1581740171103,-4.9883423,0.26646423,-2.1250305,RUNNING
1581740171123,-7.2126007,-0.50746155,-3.9104156,RUNNING
1581740171167,-5.335617,0.73197937,-4.7381287,RUNNING
1581740171167,-2.6889648,3.27211,-4.636383,RUNNING
1581740171252,-11.143433,2.1200256,-7.3789062,RUNNING
1581740171252,-11.662216,2.4513245,-5.5498505,RUNNING
1581740171262,-8.691193,3.081955,-2.2730865,RUNNING
1581740171282,-4.157425,3.3067322,-0.5036926,RUNNING
1581740171301,-1.4133148,2.9243011,0.19085693,RUNNING
1581740171320,-0.75816345,2.6494598,0.44013977,RUNNING
1581740171340,-0.8401947,2.3469238,0.36024475,RUNNING
1581740171363,-0.84872437,1.680069,0.30911255,RUNNING
1581740171393,0.050369263,-0.47177124,1.1368103,RUNNING
1581740171423,0.31455994,-0.6422119,1.0936737,RUNNING
1581740171434,0.98088074,-1.4598083,0.82736206,RUNNING
1581740171450,1.3915405,-2.5133514,0.9855499,RUNNING
1581740171470,2.1840973,-3.3240204,1.3125916,RUNNING
1581740171489,3.3143463,-4.1900787,1.5293732,RUNNING
1581740171510,3.7676086,-4.976776,1.1011353,RUNNING
1581740171529,3.325531,-4.734421,0.53440857,RUNNING
1581740171549,4.9969177,-3.4726257,1.2444153,RUNNING
1581740171569,7.694702,-2.5618134,2.847641,RUNNING
1581740171619,6.2502136,-1.96315,4.5760193,RUNNING
1581740171619,3.6024933,-2.663025,5.3728485,RUNNING
1581740171629,3.278656,-2.616684,4.6884155,RUNNING
1581740171669,4.8286133,-2.044098,3.8015747,RUNNING
1581740171670,6.49469,-1.4566193,3.2993164,RUNNING
1581740171689,6.8574066,-0.9324951,2.3107452,RUNNING
1581740171708,5.2286224,-0.5676422,0.9259033,RUNNING
1581740171729,1.3334808,0.08644104,-0.6240692,RUNNING
1581740171748,-3.568344,0.73625183,-2.102127,RUNNING
1581740171769,-5.7585297,0.7442322,-3.090683,RUNNING
1581740171821,-4.301773,1.1490326,-4.0563507,RUNNING
1581740171856,-3.4053497,3.718979,-5.5786133,RUNNING
1581740171866,-6.182495,3.450531,-5.926956,RUNNING
1581740171876,-9.176956,3.3791656,-7.312866,RUNNING
1581740171897,-10.787628,4.626587,-7.8103333,RUNNING
1581740171916,-8.875488,4.022583,-3.9221191,RUNNING
1581740171936,-4.731613,2.6771545,-0.66241455,RUNNING
1581740171956,-1.8980103,1.96875,-0.1446991,RUNNING
1581740171976,-0.95310974,1.4467773,-0.2427063,RUNNING
1581740171997,-0.64845276,1.4872589,-0.3534851,RUNNING
1581740172043,-1.257782,0.8608856,0.25691223,RUNNING
1581740172043,-1.3184967,0.4907074,0.43641663,RUNNING
1581740172055,-1.291336,-0.80093384,0.97862244,RUNNING
1581740172074,-0.7224884,-1.613205,0.9434662,RUNNING
1581740172095,0.25382996,-2.3828583,1.2289581,RUNNING
1581740172114,1.397934,-3.3421326,2.627121,RUNNING
1581740172135,2.2064667,-4.4745026,3.2194061,RUNNING
1581740172154,2.3108673,-5.95842,2.677719,RUNNING
1581740172176,2.8546753,-6.4995728,2.3661346,RUNNING
1581740172194,4.844055,-4.7786407,2.5174103,RUNNING
1581740172260,7.5759277,-4.145859,2.7155457,RUNNING
1581740172260,8.216156,-3.556778,3.469757,RUNNING
1581740172260,5.5354156,-2.5027008,5.049011,RUNNING
1581740172276,3.0048828,-3.5290833,4.5499268,RUNNING
1581740172293,3.757492,-4.1916656,2.6606903,RUNNING
1581740172312,6.241684,-2.9772797,1.8713226,RUNNING
1581740172334,7.644638,-1.534378,1.2247009,RUNNING
1581740172353,6.226242,-0.8483429,0.34213257,RUNNING
1581740172374,2.1366882,-0.41851807,-0.5883789,RUNNING
1581740172396,-2.9004211,-0.2576599,-1.8629608,RUNNING
1581740172451,-5.6626587,-0.7652588,-3.0358276,RUNNING
1581740172471,-2.4902954,2.8699646,-4.7232056,RUNNING
1581740172492,-3.6652832,2.8571777,-5.017212,RUNNING
1581740172512,-6.7470856,2.2563782,-5.9983215,RUNNING
1581740172531,-10.849426,2.6558533,-7.3959503,RUNNING
1581740172556,-13.406052,3.6039276,-5.6467896,RUNNING
1581740172573,-9.288803,3.5165863,-1.689331,RUNNING
1581740172597,-2.4391632,3.351471,0.7245636,RUNNING
1581740172640,0.2421112,2.8966064,1.0302887,RUNNING
1581740172647,-1.7765656,1.839859,0.14079285,RUNNING
1581740172678,-1.9699097,1.6885986,0.1056366,RUNNING
1581740172680,-2.1776428,1.0947113,0.044387817,RUNNING
1581740172700,-1.5635071,0.27178955,0.30325317,RUNNING
1581740172720,-0.5914612,-0.68588257,0.7341461,RUNNING
1581740172739,0.25915527,-1.5844421,0.8683777,RUNNING
1581740172760,0.9734192,-2.5410461,0.9908905,RUNNING
1581740172782,2.0083313,-3.7256165,1.3717194,RUNNING
1581740172813,3.0959625,-4.783432,1.9347076,RUNNING
1581740172819,3.2759857,-5.0790405,2.2175293,RUNNING
1581740172841,2.895691,-5.5237885,2.0476227,RUNNING
1581740172882,4.460022,-4.8899536,2.1371002,RUNNING
1581740172882,8.154892,-4.2342834,3.0537567,RUNNING
1581740172898,8.452103,-2.5463715,3.9150238,RUNNING
1581740172919,3.4831848,-2.092041,5.158203,RUNNING
1581740172938,0.30230713,-3.6478577,4.985092,RUNNING
1581740172958,2.8685303,-3.3261414,3.043106,RUNNING
1581740172982,6.5634003,-2.283249,2.0108643,RUNNING
1581740173014,7.483246,-1.6233215,1.5469513,RUNNING
1581740173023,5.0597687,-1.2084045,0.7266846,RUNNING
1581740173039,0.6858063,-0.048858643,-1.2951813,RUNNING
1581740173077,-3.919876,0.30215454,-4.138382,RUNNING
1581740173079,-5.809662,-0.3812256,-5.496048,RUNNING
1581740173098,-4.2959137,0.6648712,-5.7421265,RUNNING
1581740173118,-3.6343842,1.4366608,-6.2673035,RUNNING
1581740173140,-6.7753296,0.68244934,-6.722702,RUNNING
1581740173158,-10.053665,1.5389252,-6.9618683,RUNNING
1581740173178,-9.241943,5.626877,-6.913391,RUNNING
1581740173214,-6.485031,5.4766693,-4.9303894,RUNNING
1581740173216,-4.585663,3.080902,-2.1926727,RUNNING
1581740173238,-3.2578125,1.4313354,0.12376404,RUNNING
1581740173276,-1.208786,1.4137573,0.57489014,RUNNING
1581740173276,0.098846436,1.9389343,0.29685974,RUNNING
1581740173295,0.19151306,1.8451843,0.38049316,RUNNING
1581740173315,-0.6660309,1.283783,0.42095947,RUNNING
1581740173335,-1.8335571,-0.14526367,0.8694458,RUNNING
1581740173358,-1.8127899,-1.5184021,1.3887634,RUNNING
1581740173379,-0.48173523,-1.8795166,1.3999329,RUNNING
1581740173404,1.0011139,-2.7535706,1.9581451,RUNNING
1581740173416,2.0738373,-4.2518616,2.9802551,RUNNING
1581740173434,2.134552,-5.4151306,3.0947876,RUNNING
1581740173455,1.8362885,-6.4196777,2.7400513,RUNNING
1581740173505,9.614304,-3.210556,4.50412,RUNNING
1581740173524,7.755417,-2.4009552,5.747284,RUNNING
1581740173543,2.2416077,-1.9695282,6.8743286,RUNNING
1581740173563,-0.68040466,-3.6110992,5.5821686,RUNNING
1581740173588,3.3015594,-3.8518524,3.186386,RUNNING
1581740173634,8.152771,-2.3551483,1.8100586,RUNNING
1581740173634,8.106964,-1.8001556,1.002594,RUNNING
1581740173646,4.2294006,-1.6233215,-0.016860962,RUNNING
1581740173662,-0.44178772,-1.2696533,-1.1375275,RUNNING
1581740173689,-5.5827484,1.0387726,-4.796707,RUNNING
1581740173702,-5.192337,1.2694092,-5.2473145,RUNNING
1581740173721,-3.168335,2.1669006,-6.3738403,RUNNING
1581740173741,-1.9390259,3.1362915,-6.76532,RUNNING
1581740173761,-3.245575,3.351471,-6.830826,RUNNING
1581740173782,-6.3295135,2.6292114,-7.1717224,RUNNING
1581740173814,-9.883759,4.5179443,-9.432205,RUNNING
1581740173822,-10.3732605,5.946991,-9.502518,RUNNING
1581740173841,-7.310089,2.2100372,-3.3804474,RUNNING
1581740173860,-3.9411926,0.772995,0.69847107,RUNNING
1581740173902,-1.8207703,0.95410156,0.46517944,RUNNING
1581740173922,-1.2503204,1.251831,-0.22033691,RUNNING
1581740173940,-0.9563141,1.4584961,-0.29063416,RUNNING
1581740173960,-0.41835022,1.2070923,-0.041366577,RUNNING
1581740173982,0.30177307,0.3570099,0.6446686,RUNNING
1581740174015,1.1369324,-0.30877686,1.0324249,RUNNING
1581740174020,1.6024628,-0.7380829,1.035614,RUNNING
1581740174039,1.225357,-1.5764465,1.7248383,RUNNING
1581740174059,0.284729,-2.7823334,2.722992,RUNNING
1581740174079,0.038650513,-4.071289,2.5568085,RUNNING
1581740174114,1.4554443,-4.446274,1.291275,RUNNING
1581740174119,3.3889008,-3.799652,0.7341461,RUNNING
1581740174138,6.354599,-3.5812683,3.7350006,RUNNING
1581740174159,8.806839,-3.0113525,6.4407654,RUNNING
1581740174180,6.212921,-2.6885834,7.1076202,RUNNING
1581740174207,1.8506622,-3.1860657,6.7145386,RUNNING
1581740174218,1.6898041,-3.6760864,5.208252,RUNNING
1581740174239,4.093048,-3.7602386,3.8681488,RUNNING
1581740174259,5.8837585,-3.8177643,2.993576,RUNNING
1581740174285,5.558853,-3.795395,2.1903687,RUNNING
1581740174298,-0.39279175,-1.6147919,-1.8427277,RUNNING
1581740174321,-1.5869446,-1.1242523,-2.6960144,RUNNING
1581740174339,-4.6362762,0.4592743,-4.6118927,RUNNING
1581740174357,-5.1854095,2.0545044,-5.1418457,RUNNING
1581740174377,-4.1973877,3.1730347,-5.3751373,RUNNING
1581740174415,-3.8016357,3.4137878,-5.48114,RUNNING
1581740174417,-4.906311,3.2241669,-5.4507904,RUNNING
1581740174439,-6.39769,3.2279053,-5.8433228,RUNNING
1581740174456,-8.333267,5.7003784,-7.279312,RUNNING
1581740174492,-9.431015,5.053238,-5.923752,RUNNING
1581740174495,-7.5449677,2.032669,-1.7452698,RUNNING
1581740174530,-4.0343933,1.6033783,-0.095703125,RUNNING
1581740174535,-2.0679169,0.7559509,-0.086639404,RUNNING
1581740174556,-1.1011963,0.74690247,-0.63365173,RUNNING
1581740174592,-0.8141022,0.61587524,-0.6091614,RUNNING
1581740174594,-0.80345154,0.31973267,0.17755127,RUNNING
1581740174615,-0.589859,-0.083480835,1.0537262,RUNNING
1581740174635,-0.063079834,-0.595871,1.5325623,RUNNING
1581740174655,0.31881714,-1.3985596,1.640686,RUNNING
1581740174674,0.71936035,-2.5522308,1.7930298,RUNNING
1581740174702,1.3643646,-4.3306885,2.786911,RUNNING
1581740174714,2.9084778,-5.5711975,3.2348633,RUNNING
1581740174734,4.14151,-5.278778,2.6127472,RUNNING
1581740174754,4.999054,-4.509659,1.7514801,RUNNING
1581740174802,5.5982666,-3.2100372,1.9224548,RUNNING
1581740174802,5.4310303,-4.5021973,4.9611206,RUNNING
1581740174814,5.9615173,-4.5006104,6.386444,RUNNING
1581740174833,6.9761963,-4.016449,6.210678,RUNNING
1581740174853,7.1072083,-4.0627747,3.8633575,RUNNING
1581740174873,6.3796387,-3.9679718,1.8345642,RUNNING
1581740174916,4.777481,-2.2422485,0.5599823,RUNNING
1581740174934,-0.14938354,-0.4845581,-1.1588287,RUNNING
1581740174952,-3.294571,-0.30877686,-2.5223694,RUNNING
1581740174974,-4.0732727,-0.38227844,-4.30455,RUNNING
1581740175015,-4.286331,0.3761902,-5.908844,RUNNING
1581740175015,-4.5494537,2.0880585,-5.988739,RUNNING
1581740175032,-5.5156403,3.4441376,-6.086746,RUNNING
1581740175051,-7.470398,3.6113892,-7.340561,RUNNING
1581740175071,-10.817459,4.10141,-7.502472,RUNNING
1581740175092,-11.886993,4.0609283,-4.194824,RUNNING
1581740175136,-6.6299133,3.2854156,-0.79663086,RUNNING
1581740175136,0.3624878,1.8899231,0.005508423,RUNNING
1581740175151,0.33000183,1.6822052,-0.11540222,RUNNING
1581740175192,-0.027404785,1.3439789,-0.25282288,RUNNING
1581740175192,-0.5190277,1.1229401,0.050247192,RUNNING
1581740175210,-0.60850525,0.34742737,0.7725067,RUNNING
1581740175229,-0.27348328,-0.73435974,1.654007,RUNNING
1581740175250,0.30070496,-1.5716553,1.8063354,RUNNING
1581740175270,0.5505066,-2.1697998,1.8196564,RUNNING
1581740175292,0.38485718,-3.401245,2.6889038,RUNNING
1581740175343,1.3425293,-5.088623,3.6199493,RUNNING
1581740175343,3.325531,-6.1134033,3.40477,RUNNING
1581740175356,3.6291199,-4.5517273,2.1190033,RUNNING
1581740175368,2.4818268,-2.7152252,1.1315002,RUNNING
1581740175389,2.932434,-4.5682526,3.2742767,RUNNING
1581740175408,4.062149,-4.466507,5.177902,RUNNING
1581740175428,3.8672028,-3.3256226,5.698288,RUNNING
1581740175448,4.0152893,-4.000458,4.1477966,RUNNING
1581740175468,6.275238,-4.195404,1.7930298,RUNNING
1581740175488,8.174606,-2.3402405,0.620697,RUNNING
1581740175538,6.657135,0.05873108,0.09391785,RUNNING
1581740175538,1.4927368,1.2832489,-0.7913208,RUNNING
1581740175592,-5.128952,1.092041,-5.6798096,RUNNING
1581740175607,-3.727066,3.003128,-5.5796814,RUNNING
1581740175626,-3.2231903,4.7118073,-5.2483826,RUNNING
1581740175647,-4.8477173,4.455078,-6.1059113,RUNNING
1581740175668,-7.518341,5.137909,-8.168274,RUNNING
1581740175687,-10.207062,5.5139465,-7.8092804,RUNNING
1581740175708,-8.699722,2.782608,-3.7484894,RUNNING
1581740175731,-3.9923096,2.144516,-1.402771,RUNNING
1581740175795,-2.7811127,0.6403656,-1.193985,RUNNING
1581740175795,-2.962738,0.531723,-1.1018372,RUNNING
1581740175797,-3.2045593,0.14501953,-0.35934448,RUNNING
1581740175825,-2.2559357,-0.1277008,0.68089294,RUNNING
1581740175835,-0.84446716,-0.5234375,1.6614685,RUNNING
1581740175855,0.021606445,-1.0597992,2.2745209,RUNNING
1581740175875,0.42427063,-1.2957458,2.4135437,RUNNING
1581740175895,0.38006592,-2.221466,2.6761322,RUNNING
1581740175916,1.3521271,-4.2177734,3.086258,RUNNING
1581740175937,3.9124908,-5.694763,2.644699,RUNNING
1581740175993,5.395874,-6.1187286,2.0806427,RUNNING
1581740175993,5.366577,-5.580246,2.2633362,RUNNING
1581740175995,5.7276917,-4.466507,2.4534912,RUNNING
1581740176025,7.5711365,-4.2811584,2.4785156,RUNNING
1581740176035,6.4254456,-2.2757874,4.235672,RUNNING
1581740176054,3.3947601,-3.4864655,5.1693726,RUNNING
1581740176075,3.7841187,-4.1868744,3.0851898,RUNNING
1581740176095,6.625717,-2.5261383,1.5021973,RUNNING
1581740176115,8.276337,-1.3394318,1.1517334,RUNNING
1581740176134,6.9831085,-1.2094574,0.7325592,RUNNING
1581740176188,2.865326,-0.41903687,0.08061218,RUNNING
1581740176188,-3.3568878,0.7490387,-1.3069,RUNNING
1581740176193,-7.49704,0.40122986,-2.6688385,RUNNING
1581740176220,-6.1766357,0.8651428,-4.142105,RUNNING
1581740176232,-2.6671295,2.254776,-5.4358673,RUNNING
1581740176253,-2.09935,2.604187,-5.6393433,RUNNING
1581740176273,-5.222168,2.6766205,-6.2385406,RUNNING
1581740176293,-9.983902,3.8920898,-7.9743958,RUNNING
1581740176313,-13.458252,3.4915466,-6.812729,RUNNING
1581740176333,-8.9596405,2.904602,-1.8065033,RUNNING
1581740176355,-2.117447,3.6433563,-0.043502808,RUNNING
1581740176394,-0.6303406,3.2103271,0.11576843,RUNNING
1581740176394,-1.9006653,3.1831665,-0.47546387,RUNNING
1581740176411,-2.8588715,2.5514526,-0.7044983,RUNNING
1581740176431,-2.7305145,2.075821,-0.29704285,RUNNING
1581740176451,-1.4058533,1.3460999,0.48062134,RUNNING
1581740176471,-0.16694641,-0.004119873,1.1687775,RUNNING
1581740176492,0.6873932,-1.3484802,1.4132538,RUNNING
1581740176512,1.1481171,-2.8047028,1.3264313,RUNNING
1581740176532,2.052002,-4.020706,1.9576111,RUNNING
1581740176568,3.7127533,-4.8212433,2.7751923,RUNNING
1581740176598,4.379074,-5.6367035,2.8604126,RUNNING
1581740176618,6.0467377,-3.0060272,0.42414856,RUNNING
1581740176641,8.568222,-2.8686066,1.832428,RUNNING
1581740176659,7.53598,-3.3724823,5.226364,RUNNING
1581740176679,3.7223358,-4.2065887,6.703888,RUNNING
1581740176702,3.1918335,-4.244934,4.902527,RUNNING
1581740176719,6.0094604,-3.2915192,2.4929047,RUNNING
1581740176741,7.7213287,-1.8619385,1.3402863,RUNNING
1581740176760,6.053131,-0.90852356,0.99513245,RUNNING
1581740176822,2.0573273,-0.7913513,0.6350708,RUNNING
1581740176822,-5.2983246,0.74263,-2.69281,RUNNING
1581740176823,-5.494339,1.0457153,-3.1311646,RUNNING
1581740176838,-4.348648,2.2164307,-4.429718,RUNNING
1581740176856,-2.7347717,2.9583893,-5.256912,RUNNING
1581740176876,-3.7009735,2.827896,-5.48114,RUNNING
1581740176896,-6.0882263,3.0601196,-5.8555756,RUNNING
1581740176917,-9.00119,4.6931763,-8.011673,RUNNING
1581740176940,-10.48671,4.711273,-8.198105,RUNNING
1581740176956,-8.159103,2.5940704,-3.4001465,RUNNING
1581740177020,-3.4490356,1.5559692,0.3927307,RUNNING
1581740177021,-1.3057251,1.7237549,0.22921753,RUNNING
1581740177036,-1.7754974,1.7322693,-0.36413574,RUNNING
1581740177055,-2.4189148,1.5809937,-0.08078003,RUNNING
1581740177076,-2.5978851,1.4563599,0.4230957,RUNNING
1581740177096,-1.9640503,0.7618103,1.0643768,RUNNING
1581740177118,-0.6420593,-0.28001404,1.5852966,RUNNING
1581740177140,0.5020447,-0.9926758,1.7440186,RUNNING
1581740177158,0.7332001,-1.7735138,1.959198,RUNNING
1581740177208,0.6905823,-3.1029663,2.534439,RUNNING
1581740177210,1.4224243,-4.467575,2.6793213,RUNNING
1581740177218,2.676239,-5.322983,2.2574768,RUNNING
1581740177244,3.3707886,-4.764786,1.8388214,RUNNING
1581740177255,4.1303253,-3.5003204,1.4191132,RUNNING
1581740177274,6.6166534,-3.4449158,2.3000793,RUNNING
1581740177294,7.3697968,-3.8039093,4.746994,RUNNING
1581740177315,3.4325867,-3.958374,5.762192,RUNNING
1581740177337,1.1028442,-5.801285,4.4657745,RUNNING
1581740177354,4.4328613,-5.5062103,2.0188599,RUNNING
1581740177390,8.288055,-3.6260223,0.9940796,RUNNING
1581740177393,8.95491,-2.4957733,0.9759674,RUNNING
1581740177423,-0.9339447,-0.8371582,0.3570404,RUNNING
1581740177443,-2.3949585,-0.5319519,-0.3753357,RUNNING
1581740177463,-5.490082,0.26327515,-2.7950745,RUNNING
1581740177482,-4.7550507,1.4398499,-4.637451,RUNNING
1581740177503,-2.995224,2.811386,-5.590332,RUNNING
1581740177523,-3.3025513,2.9983368,-5.5642395,RUNNING
1581740177545,-5.8325653,2.5946045,-5.556778,RUNNING
1581740177585,-8.736465,2.826294,-6.294998,RUNNING
1581740177585,-12.033463,5.3515015,-7.513672,RUNNING
1581740177601,-12.39566,5.212494,-5.1988525,RUNNING
1581740177621,-6.783844,2.1312103,-0.22406006,RUNNING
1581740177641,-1.3653717,0.87846375,1.7994232,RUNNING
1581740177661,-0.09132385,1.4808655,0.716568,RUNNING
1581740177681,-1.2540588,1.8654175,-0.079711914,RUNNING
1581740177701,-2.454071,1.7775421,0.053985596,RUNNING
1581740177723,-2.499878,1.8164215,0.4081726,RUNNING
1581740177747,-1.5896149,1.4095001,0.94773865,RUNNING
1581740177784,-0.6495209,0.5072174,1.5006104,RUNNING
1581740177786,-0.070007324,-0.4611206,1.5054016,RUNNING
1581740177800,-0.017807007,-1.6776581,1.0883484,RUNNING
1581740177820,0.6740875,-3.1391907,0.91897583,RUNNING
1581740177869,3.806488,-5.9216614,2.0135345,RUNNING
1581740177889,2.7465515,-6.216736,1.1304321,RUNNING
1581740177909,4.285858,-3.639862,-0.28956604,RUNNING
1581740177929,8.245438,-1.7341003,0.4550476,RUNNING
1581740177950,7.925873,-3.2638245,3.9842682,RUNNING
1581740177979,4.407303,-4.6529236,5.811203,RUNNING
1581740177989,3.853363,-4.8553314,4.6596527,RUNNING
1581740178008,6.0765686,-3.6153564,3.0180817,RUNNING
1581740178039,7.5753937,-2.1644745,1.8015442,RUNNING
1581740178048,3.5220642,-1.4443512,-0.33218384,RUNNING
1581740178067,2.4599915,-1.4246521,-0.47439575,RUNNING
1581740178087,-1.0969238,-1.0012054,-0.86535645,RUNNING
1581740178107,-4.2820587,-0.29067993,-1.6776123,RUNNING
1581740178127,-5.6099243,0.43637085,-3.0155945,RUNNING
1581740178147,-4.956375,1.6997833,-4.455826,RUNNING
1581740178182,-4.285797,2.810852,-4.966614,RUNNING
1581740178186,-4.986206,3.0276337,-4.7738037,RUNNING
1581740178206,-6.830185,3.5634613,-5.3602295,RUNNING
1581740178238,-10.34343,5.3557587,-7.295822,RUNNING
1581740178251,-12.041458,4.3831787,-5.607376,RUNNING
1581740178266,-8.119141,2.0395966,-0.99531555,RUNNING
1581740178286,-2.5227814,1.3157501,1.4739838,RUNNING
1581740178312,-0.61808777,1.3551636,1.2635803,RUNNING
1581740178326,-1.1384735,1.6598206,0.45132446,RUNNING
1581740178345,-1.800003,1.4031067,0.37142944,RUNNING
1581740178373,-1.6849518,1.3551636,0.4081726,RUNNING
1581740178384,-0.85458374,1.1948395,0.4784851,RUNNING
1581740178406,0.17286682,0.45767212,0.9083252,RUNNING
1581740178432,0.8690338,-0.5101166,1.209259,RUNNING
1581740178446,1.0906067,-1.2254486,1.0223083,RUNNING
1581740178504,1.5587769,-4.8265686,1.9655914,RUNNING
1581740178525,1.3393402,-5.6414948,1.1879425,RUNNING
1581740178549,2.2501373,-4.5698395,-0.031784058,RUNNING
1581740178581,6.021179,-2.7663422,0.3527832,RUNNING
1581740178583,8.925079,-2.7833862,2.136032,RUNNING
1581740178603,7.44223,-2.9399872,3.8383331,RUNNING
1581740178624,3.9417725,-3.350113,5.206131,RUNNING
1581740178644,2.5281677,-3.8358765,4.237808,RUNNING
1581740178684,7.4294586,-1.6584778,1.1538544,RUNNING
1581740178693,7.4022827,-1.4246521,0.98236084,RUNNING
1581740178712,6.020645,-0.7705841,0.47583008,RUNNING
1581740178735,2.7635956,-0.8462219,-0.09463501,RUNNING
1581740178753,-1.2790833,-0.58895874,-0.9697571,RUNNING
1581740178785,-4.2959137,0.22918701,-2.0424652,RUNNING
1581740178792,-4.519623,1.026001,-3.1583252,RUNNING
1581740178812,-3.633316,2.0672913,-4.4366455,RUNNING
1581740178831,-3.644516,2.4055176,-4.909088,RUNNING
1581740178852,-4.823761,2.1487885,-4.7359924,RUNNING
1581740178897,-6.7668,2.254242,-4.6917725,RUNNING
1581740178897,-9.876846,3.909668,-6.052124,RUNNING
1581740178911,-12.534668,4.720337,-6.2332153,RUNNING
1581740178932,-9.885361,2.1807556,-1.6813354,RUNNING
1581740178962,-4.873825,1.4499664,0.78048706,RUNNING
1581740178971,-2.1307678,0.78364563,1.2279053,RUNNING
1581740178991,-1.4122467,1.2539673,0.71817017,RUNNING
1581740179011,-1.2125092,1.3876495,0.3804779,RUNNING
1581740179031,-1.0074463,1.345047,0.46357727,RUNNING
1581740179051,-0.63993835,1.4488983,0.68621826,RUNNING
1581740179098,-0.16322327,1.2385101,1.0249634,RUNNING
1581740179098,0.12387085,0.55462646,1.2193756,RUNNING
1581740179111,0.15689087,-0.19799805,1.0254974,RUNNING
1581740179130,0.2559662,-1.1285095,0.8193817,RUNNING
1581740179158,1.0266876,-2.1852417,1.3093872,RUNNING
1581740179169,1.975296,-3.2995148,1.9229889,RUNNING
1581740179189,1.6908722,-5.202606,1.7962189,RUNNING
1581740179209,0.6538391,-6.3051605,1.0457306,RUNNING
1581740179229,3.0043488,-3.2015076,-0.19104004,RUNNING
1581740179249,8.535736,-2.1005707,0.30751038,RUNNING
1581740179283,8.984741,-4.1208344,4.0322113,RUNNING
1581740179318,5.8832245,-4.995941,3.869217,RUNNING
1581740179340,6.1873474,-4.7445374,2.2265778,RUNNING
1581740179386,8.079269,-3.6760864,1.129364,RUNNING
1581740179386,8.293381,-2.9069672,0.061965942,RUNNING
1581740179400,5.412903,-2.5224,-0.28851318,RUNNING
1581740179417,1.081543,-1.7820435,-0.12339783,RUNNING
1581740179438,-3.1156006,-0.27468872,-0.33432007,RUNNING
1581740179458,-5.174759,1.0483704,-1.4858704,RUNNING
1581740179479,-4.4525146,2.09552,-2.9836273,RUNNING
1581740179498,-3.4639435,2.9818268,-3.7197266,RUNNING
1581740179538,-3.9805908,2.9796906,-3.6611328,RUNNING
1581740179540,-5.5465393,2.7879486,-3.855011,RUNNING
1581740179578,-7.4001007,4.455078,-5.270752,RUNNING
1581740179578,-9.72876,5.77388,-6.008972,RUNNING
1581740179596,-9.915176,4.390106,-3.8134613,RUNNING
1581740179615,-6.913269,3.2076569,-0.94470215,RUNNING
1581740179636,-3.3126678,2.238266,1.3637238,RUNNING
1581740179656,-1.3738861,2.270218,1.2135162,RUNNING
1581740179677,-1.1235504,2.7197723,0.3762207,RUNNING
1581740179718,-1.5805511,2.2755432,0.37408447,RUNNING
1581740179718,-0.94459534,1.553299,0.18980408,RUNNING
1581740179735,-0.71343994,1.3876495,0.20045471,RUNNING
1581740179757,-0.032730103,0.57273865,0.36824036,RUNNING
1581740179773,0.45463562,-0.33169556,0.55358887,RUNNING
1581740179794,0.79551697,-0.94155884,0.5003357,RUNNING
1581740179814,1.1555786,-1.5333099,0.5823517,RUNNING
1581740179833,1.7366791,-2.0265198,1.1661224,RUNNING
1581740179853,2.4429626,-2.6598206,1.7685242,RUNNING
1581740179875,2.420044,-4.0425415,1.638031,RUNNING
1581740179920,1.5662384,-5.308075,1.178894,RUNNING
1581740179920,1.3281555,-4.0963287,0.49873352,RUNNING
1581740179933,4.344986,-1.7671356,0.08912659,RUNNING
1581740179958,7.832123,-1.9615479,1.6635895,RUNNING
1581740179972,6.605484,-2.460083,4.3688354,RUNNING
1581740179992,2.8674622,-4.1682434,5.6258545,RUNNING
1581740180013,2.2559967,-4.8382874,4.5158386,RUNNING
1581740180033,4.9655,-3.1338654,3.0622864,RUNNING
1581740180054,7.1897736,-1.6195984,2.5094147,RUNNING
1581740180072,7.07312,-1.6345062,2.2276459,RUNNING
1581740180122,4.789734,-2.1437073,1.4574738,RUNNING
1581740180123,1.8314972,-2.248642,-0.11753845,RUNNING
1581740180158,-2.881775,1.2246704,-2.4674988,RUNNING
1581740180161,-4.0897827,1.7578278,-3.171646,RUNNING
1581740180181,-4.5766144,2.1865997,-4.536789,RUNNING
1581740180201,-4.219223,3.0686493,-6.0281525,RUNNING
1581740180222,-4.2916565,3.5655823,-6.828171,RUNNING
1581740180241,-5.1017914,3.271576,-6.366913,RUNNING
1581740180260,-6.9521637,2.9674377,-6.2998047,RUNNING
1581740180281,-10.221451,3.591156,-7.264389,RUNNING
1581740180317,-10.01265,2.8065948,-4.998047,RUNNING
1581740180332,-4.9297485,2.3448029,-1.7532501,RUNNING
1581740180369,-2.4966888,0.97592163,0.6276245,RUNNING
1581740180389,-2.4657898,1.2795258,0.21003723,RUNNING
1581740180409,-1.975769,1.3626251,0.17062378,RUNNING
1581740180429,-1.4868164,1.361557,0.3293457,RUNNING
1581740180449,-1.3035889,1.1985626,0.4689026,RUNNING
1581740180469,-1.3515167,0.62332153,0.6723633,RUNNING
1581740180488,-0.941391,-0.27468872,0.89286804,RUNNING
1581740180509,0.1121521,-0.98735046,0.9525299,RUNNING
1581740180531,1.4043121,-1.5764465,0.9376068,RUNNING
1581740180549,2.691162,-2.2326508,1.3605194,RUNNING
1581740180568,3.457077,-3.0028381,1.9347076,RUNNING
1581740180588,2.723114,-4.322693,1.9890289,RUNNING
1581740180607,0.5148163,-6.19223,1.3967438,RUNNING
1581740180627,1.0154877,-4.897934,-0.0743866,RUNNING
1581740180647,7.1247864,-0.88508606,-0.62939453,RUNNING
1581740180669,10.466522,-1.791626,3.2439117,RUNNING
1581740180689,5.8528595,-4.0574493,6.3150635,RUNNING
1581740180713,1.6514587,-5.3794403,6.4247894,RUNNING
1581740180747,2.9031372,-4.90007,4.5637665,RUNNING
1581740180758,6.4696503,-3.5823364,1.7440186,RUNNING
1581740180798,5.877365,-3.6585083,1.5363007,RUNNING
1581740180798,3.1907654,-3.36557,0.80285645,RUNNING
1581740180816,-0.07853699,-2.1538239,-0.60809326,RUNNING
1581740180836,-2.4024048,-0.102127075,-2.4600525,RUNNING
1581740180856,-3.6993713,1.8265533,-3.9205322,RUNNING
1581740180876,-4.124939,3.1543884,-4.601227,RUNNING
1581740180897,-4.143051,3.923523,-4.8025665,RUNNING
1581740180920,-4.1031036,3.940567,-4.6230774,RUNNING
1581740180936,-4.423752,2.7496033,-4.2433014,RUNNING
1581740180985,-6.00354,3.16185,-5.3277435,RUNNING
1581740180985,-8.649124,5.3658905,-7.15094,RUNNING
1581740180996,-9.383621,3.0116577,-4.679535,RUNNING
1581740181015,-7.563614,0.833725,-1.3244781,RUNNING
1581740181035,-4.5116425,1.5288086,0.33573914,RUNNING
1581740181054,-2.1664581,1.6411896,0.6787567,RUNNING
1581740181075,-1.417038,2.1445312,0.12588501,RUNNING
1581740181095,-1.9155884,2.175415,-0.31834412,RUNNING
1581740181118,-2.5510101,1.9756775,-0.506897,RUNNING
1581740181136,-2.4407501,1.6395874,-0.4584198,RUNNING
1581740181178,-1.6609802,1.0110779,-0.15481567,RUNNING
1581740181203,0.730011,-1.0342255,0.69047546,RUNNING
1581740181223,1.0229492,-1.5583344,0.7831421,RUNNING
1581740181242,1.5939331,-2.4829865,1.14534,RUNNING
1581740181264,2.5547943,-3.542923,1.7184448,RUNNING
1581740181288,3.2418976,-4.340805,2.0444183,RUNNING
1581740181304,3.1257782,-4.88089,1.8675842,RUNNING
1581740181329,3.5518951,-4.325897,1.3221741,RUNNING
1581740181378,5.640869,-2.9176178,0.81510925,RUNNING
1581740181380,6.8989563,-1.4848328,1.513916,RUNNING
1581740181382,2.0903473,-3.177536,4.9781647,RUNNING
1581740181407,1.9124451,-3.36557,4.760315,RUNNING
1581740181420,2.9228516,-3.2760773,3.0771942,RUNNING
1581740181441,5.813446,-2.3897705,1.860672,RUNNING
1581740181460,7.5881805,-1.8843079,1.6896973,RUNNING
1581740181480,6.925049,-2.0829926,1.5299072,RUNNING
1581740181500,4.566559,-2.1021576,1.2651825,RUNNING
1581740181560,1.5982056,-1.8875122,1.0223083,RUNNING
1581740181560,-1.1736298,-1.009201,0.70059204,RUNNING
1581740181561,-2.6969604,0.20521545,-0.33857727,RUNNING
1581740181592,-3.0996246,1.378067,-1.9545898,RUNNING
1581740181600,-3.2082825,1.9394684,-3.3788452,RUNNING
1581740181619,-3.3595428,1.8510437,-4.028122,RUNNING
1581740181639,-3.5875244,1.649704,-3.725586,RUNNING
1581740181658,-5.12204,3.7754517,-4.427597,RUNNING
1581740181679,-8.862167,5.724884,-7.2835693,RUNNING
1581740181701,-11.659561,3.3413544,-6.883026,RUNNING
1581740181754,-9.774033,1.3136139,-2.59906,RUNNING
1581740181754,-4.1824646,0.07791138,1.384491,RUNNING
1581740181758,-0.3118286,0.7085571,1.7062073,RUNNING
1581740181785,0.43919373,1.999115,0.8401489,RUNNING
1581740181838,-1.4697723,1.4254761,0.2771454,RUNNING
1581740181858,-1.035141,1.4073639,0.28674316,RUNNING
1581740181878,-0.5163574,0.8417053,0.35385132,RUNNING
1581740181900,-0.034851074,-0.32902527,0.40498352,RUNNING
1581740181923,0.66181946,-1.7458191,0.5892639,RUNNING
1581740181969,1.8314819,-2.8803253,1.1975403,RUNNING
1581740181976,2.577179,-3.2318726,1.8207245,RUNNING
1581740181986,2.134018,-3.7389374,1.8665161,RUNNING
1581740181996,0.80563354,-5.4092712,1.1059265,RUNNING
1581740182025,0.41575623,-5.309128,0.5349426,RUNNING
1581740182038,4.093048,-1.7735138,0.006576538,RUNNING
1581740182057,8.007889,-2.2635345,2.1616058,RUNNING
1581740182076,7.231308,-4.8521423,5.4724426,RUNNING
1581740182097,5.108246,-4.944809,5.768585,RUNNING
1581740182116,4.558563,-4.3961945,4.4817505,RUNNING
1581740182141,5.4203644,-4.0936737,2.3299103,RUNNING
1581740182160,6.356735,-3.4055023,0.37301636,RUNNING
1581740182175,5.6280823,-2.5160065,-0.55589294,RUNNING
1581740182203,2.3758392,-1.5018768,-0.5004883,RUNNING
1581740182215,-5.465576,0.75328064,-2.054718,RUNNING
1581740182234,-5.7617188,1.1703491,-2.6576538,RUNNING
1581740182254,-5.608322,2.807129,-4.5959015,RUNNING
1581740182274,-4.7667694,4.1067505,-5.3415833,RUNNING
1581740182295,-5.5060577,4.5397797,-5.305374,RUNNING
1581740182316,-8.450989,5.489456,-6.876648,RUNNING
1581740182353,-10.647018,5.4580383,-7.615402,RUNNING
1581740182355,-9.149261,2.760254,-3.6659393,RUNNING
1581740182374,-4.3571625,1.3157501,0.11204529,RUNNING
1581740182405,-1.1437988,2.265442,0.9567871,RUNNING
1581740182433,-1.2774811,2.4007263,0.4784851,RUNNING
1581740182454,-2.228241,1.8845978,0.53707886,RUNNING
1581740182474,-2.32518,1.3359833,0.8768921,RUNNING
1581740182493,-1.4356842,0.65740967,1.2401428,RUNNING
1581740182515,-0.08918762,-0.4099884,1.623642,RUNNING
1581740182546,0.8173523,-1.8534088,1.7184448,RUNNING
1581740182553,1.3659668,-2.9005737,1.4542694,RUNNING
1581740182573,1.7696991,-3.4992523,1.5128632,RUNNING
1581740182592,1.5278931,-3.9999237,1.7227173,RUNNING
1581740182615,0.4647522,-3.799652,0.34532166,RUNNING
1581740182632,0.7864685,-2.1974945,-2.323166,RUNNING
1581740182652,3.8640137,-1.566864,-1.164154,RUNNING
1581740182672,5.8198395,-3.1540985,3.9757538,RUNNING
1581740182691,5.159378,-5.22818,5.239151,RUNNING
1581740182714,5.2445984,-5.595688,3.9256744,RUNNING
1581740182749,6.2512665,-4.207657,2.6782532,RUNNING
1581740182751,6.619858,-3.271286,2.1605377,RUNNING
1581740182771,6.371643,-2.9794006,1.816452,RUNNING
1581740182791,5.382019,-2.4307861,1.1900787,RUNNING
1581740182844,3.3004913,-1.3655243,0.18766785,RUNNING
1581740182844,-3.3339844,1.4627533,-2.469101,RUNNING
1581740182861,-3.8106995,1.8622284,-2.7439423,RUNNING
1581740182880,-4.573944,3.0366821,-3.570053,RUNNING
1581740182901,-4.0210724,3.9283142,-4.0094757,RUNNING
1581740182945,-3.1880493,4.2340393,-3.7474213,RUNNING
1581740182946,-3.2285156,3.780243,-3.1279755,RUNNING
1581740182959,-5.7558594,4.2180634,-3.7378387,RUNNING
1581740182979,-10.194824,6.236206,-6.57251,RUNNING
1581740182999,-11.810303,4.4252625,-6.307785,RUNNING
1581740183033,-7.5577545,0.10614014,-1.0123596,RUNNING
1581740183043,-1.5821533,-0.87231445,2.6857147,RUNNING
1581740183058,0.44612122,-0.13621521,2.1924896,RUNNING
1581740183078,0.024276733,0.47366333,1.4217834,RUNNING
1581740183100,-0.8939972,0.7005615,0.9514618,RUNNING
1581740183133,-1.6141052,1.0457001,0.31976318,RUNNING
1581740183147,-1.560852,1.0563507,-0.15641785,RUNNING
1581740183158,-0.76564026,0.6925659,-0.0030212402,RUNNING
1581740183178,-0.016220093,-0.031814575,0.55677795,RUNNING
1581740183197,0.25915527,-0.7332916,0.88009644,RUNNING
1581740183234,0.43972778,-1.330368,0.82736206,RUNNING
1581740183238,0.80511475,-2.075531,0.69047546,RUNNING
1581740183259,1.3111115,-3.2036438,0.71817017,RUNNING
1581740183280,1.876236,-4.246002,0.7389374,RUNNING
1581740183302,1.780899,-3.92482,0.1525116,RUNNING
1581740183339,2.8887634,-1.0986786,-1.5668335,RUNNING
1581740183339,5.9466095,0.23025513,0.06782532,RUNNING
1581740183357,5.8022614,-1.6829681,3.7035828,RUNNING
1581740183376,2.3779755,-4.2960663,4.695862,RUNNING
1581740183396,0.4024353,-6.6519012,4.222885,RUNNING
1581740183436,2.1537323,-6.183197,2.4763947,RUNNING
1581740183436,4.986801,-3.4204254,1.1970062,RUNNING
1581740183457,5.8821564,-1.3511505,0.5669098,RUNNING
1581740183475,4.7199554,-1.1423492,-0.06906128,RUNNING
1581740183497,2.896225,-1.7282562,-0.87654114,RUNNING
1581740183536,1.5779572,-2.0632782,-1.5987854,RUNNING
1581740183536,1.1060486,-1.0374298,-2.0110474,RUNNING
1581740183555,0.5643616,1.408432,-2.0190277,RUNNING
1581740183575,-0.98347473,3.3706512,-1.8672333,RUNNING
1581740183595,-3.0032196,3.6896973,-1.9769592,RUNNING
1581740183635,-4.5894012,2.8774261,-2.2581787,RUNNING
1581740183636,-5.2109833,2.1993866,-2.2821503,RUNNING
1581740183656,-4.825882,2.9930115,-1.7947998,RUNNING
1581740183675,-5.816574,5.821289,-2.2624512,RUNNING
1581740183695,-8.394531,5.4740143,-3.3239746,RUNNING
1581740183731,-10.2656555,2.7197723,-2.9234467,RUNNING
1581740183734,-7.282379,0.99031067,-0.14576721,RUNNING
1581740183753,-1.6162415,0.14450073,1.7003479,RUNNING
1581740183773,1.3015137,0.94929504,1.462265,RUNNING
1581740183794,1.1422577,1.4046936,1.080368,RUNNING
1581740183834,-0.4636383,1.2076263,1.112854,RUNNING
1581740183834,-1.607193,1.1304016,1.1069946,RUNNING
1581740183852,-1.9086609,1.2198792,0.95466614,RUNNING
1581740183882,-1.6125183,0.78312683,0.36238098,RUNNING
1581740183901,-1.2657776,0.13809204,-0.02645874,RUNNING
1581740183946,-0.6106415,-0.7700348,-0.033920288,RUNNING
1581740183946,0.2655487,-1.4134674,0.025741577,RUNNING
1581740183961,1.2573242,-1.6190643,-0.22140503,RUNNING
1581740183980,2.3321686,-2.1777954,-0.8605499,RUNNING
1581740184000,3.054947,-2.9485168,-1.1668243,RUNNING
1581740184027,2.803543,-3.7144318,-0.80462646,RUNNING
1581740184040,2.5915527,-4.1256256,-0.8824005,RUNNING
1581740184060,4.1761475,-3.5019073,-1.6334076,RUNNING
1581740184100,4.8919983,-2.0771332,-0.00035095215,RUNNING
1581740184133,3.424057,-2.6427765,1.8825073,RUNNING
1581740184143,2.277832,-4.704056,2.4098053,RUNNING
1581740184159,2.8605347,-5.5147247,1.7717133,RUNNING
1581740184179,4.6107635,-3.6654358,0.75971985,RUNNING
1581740184200,5.608917,-1.7926941,0.3208313,RUNNING
1581740184220,5.1998596,-1.330368,0.12055969,RUNNING
1581740184268,3.7159424,-1.5157318,-0.2427063,RUNNING
1581740184269,2.1606598,-1.6137238,-0.8786621,RUNNING
1581740184278,1.3308105,-1.0949402,-1.4933167,RUNNING
1581740184299,0.71829224,0.19082642,-1.6499176,RUNNING
1581740184320,-0.6420593,1.6236115,-1.4219513,RUNNING
1581740184339,-2.5904236,2.3618317,-1.3047638,RUNNING
1581740184358,-4.254364,2.1573029,-1.7788086,RUNNING
1581740184377,-4.748657,1.4254761,-2.4627075,RUNNING
1581740184398,-4.0572968,1.3093567,-1.9886627,RUNNING
1581740184420,-4.9776764,3.3599854,-1.0395203,RUNNING
1581740184468,-8.824356,5.1539,-2.27948,RUNNING
1581740184468,-10.853683,2.6910095,-2.8089294,RUNNING
1581740184483,-8.27681,0.12158203,-1.0565643,RUNNING
1581740184508,0.85250854,1.8409271,1.4116516,RUNNING
1581740184548,0.69592285,1.8798065,1.3940887,RUNNING
1581740184548,-0.7981262,1.8473206,1.3024597,RUNNING
1581740184566,-2.564865,1.3572845,1.1330872,RUNNING
1581740184586,-3.214676,0.8331909,1.0175171,RUNNING
1581740184606,-2.5286407,0.7080231,0.75598145,RUNNING
1581740184626,-1.1517944,0.6291809,0.20524597,RUNNING
1581740184651,0.012557983,0.19296265,-0.38757324,RUNNING
1581740184665,0.666626,-0.49679565,-0.668808,RUNNING
1581740184685,1.1076508,-1.2488861,-0.7140808,RUNNING
1581740184714,1.5747681,-1.7197266,-0.8168793,RUNNING
1581740184725,2.0903473,-1.9040222,-1.0363312,RUNNING
1581740184746,2.2831573,-2.190033,-1.2009125,RUNNING
1581740184766,2.1441498,-2.779129,-1.0587006,RUNNING
1581740184785,2.2213745,-3.045456,-0.37638855,RUNNING
1581740184807,2.7588043,-1.8417053,-0.5303345,RUNNING
1581740184829,4.077606,-0.102127075,-1.8512573,RUNNING
1581740184871,5.3085175,1.121872,-2.421173,RUNNING
1581740184871,4.684799,0.24356079,-0.125,RUNNING
1581740184886,3.028839,-2.683258,2.259613,RUNNING
1581740184924,2.068512,-4.9357605,2.3815918,RUNNING
1581740184926,2.5888977,-5.073181,1.8020782,RUNNING
1581740184944,3.20195,-3.796463,1.4430847,RUNNING
1581740184963,3.2845154,-2.6060333,1.0068512,RUNNING
1581740184984,2.8424225,-2.2960358,0.5599823,RUNNING
1581740185004,2.0940704,-2.6710052,0.35757446,RUNNING
1581740185024,1.2051086,-2.9778137,0.23347473,RUNNING
1581740185067,0.50523376,-2.5602112,0.032669067,RUNNING
1581740185067,0.3859253,-1.5657959,-0.09196472,RUNNING
1581740185083,0.54785156,-0.66511536,-0.010482788,RUNNING
1581740185106,0.34918213,-0.37109375,0.31176758,RUNNING
1581740185123,-0.48599243,-0.44833374,0.5173645,RUNNING
1581740185143,-1.3893433,-0.3988037,0.5658417,RUNNING
1581740185163,-1.7083893,0.21214294,0.840683,RUNNING
1581740185182,-1.7414093,1.5916595,1.2603912,RUNNING
1581740185205,-2.164856,1.8904572,2.2393646,RUNNING
1581740185225,-3.9710083,-0.097335815,3.1943817,RUNNING
1581740185274,-6.883972,-1.9913788,3.006363,RUNNING
1581740185275,-8.045654,-2.283249,2.4300537,RUNNING
1581740185282,-6.292221,-1.2121277,1.5597229,RUNNING
1581740185304,-3.152359,0.28564453,0.601532,RUNNING
1581740185323,-0.56481934,1.2662201,0.19725037,RUNNING
1581740185371,0.58299255,0.80229187,0.7245636,RUNNING
1581740185390,0.2612915,0.2920227,0.8065796,RUNNING
1581740185411,-0.058288574,-0.3194275,0.7767639,RUNNING
1581740185430,-0.09025574,-0.70718384,0.5541229,RUNNING
1581740185450,0.007751465,-0.8925476,0.41244507,RUNNING
1581740185470,0.23571777,-1.2078705,0.4497223,RUNNING
1581740185500,0.6320038,-1.2984161,0.5051117,RUNNING
1581740185535,0.7427826,-1.201477,0.33255005,RUNNING
1581740185535,0.46368408,-1.2451477,0.036392212,RUNNING
1581740185548,0.18778992,-1.486969,-0.10954285,RUNNING
1581740185568,0.2421112,-1.8150635,-0.09675598,RUNNING
1581740185589,0.19204712,-1.6765747,-0.24482727,RUNNING
1581740185608,-0.463089,-0.8499298,-0.30448914,RUNNING
1581740185628,-1.0276794,0.044891357,-0.13830566,RUNNING
1581740185649,-0.9648285,0.4369049,-0.053085327,RUNNING
1581740185687,-0.80184937,0.3527527,-0.2746582,RUNNING
1581740185690,-0.86576843,0.3293152,-0.5963745,RUNNING
1581740185724,-0.9126282,0.6148071,-0.76786804,RUNNING
1581740185728,-0.7347412,0.9908447,-0.7849121,RUNNING
1581740185748,-0.43006897,1.059021,-0.7518921,RUNNING
1581740185767,-0.24365234,0.57432556,-0.99157715,RUNNING
1581740185787,-0.021011353,-0.004119873,-1.2983704,RUNNING
1581740185808,0.25382996,-0.15431213,-1.3931885,RUNNING
1581740185830,0.40829468,0.04914856,-1.2046356,RUNNING
1581740185850,0.683136,0.42837524,-0.971344,RUNNING
1581740185884,0.8972473,0.57325745,-0.9063568,RUNNING
1581740185888,0.7289429,0.24621582,-0.84243774,RUNNING
1581740185921,0.4381256,-0.10531616,-0.6741333,RUNNING
1581740185927,0.53186035,-0.078689575,-0.45256042,RUNNING
1581740185946,0.96435547,0.3069458,-0.20329285,RUNNING
1581740185966,1.2541199,0.613739,0.02255249,RUNNING
1581740185986,1.0890045,0.5434265,0.23773193,RUNNING
1581740186005,0.4881897,0.09602356,0.46783447,RUNNING
1581740186028,-0.14031982,-0.3343506,0.53707886,RUNNING
1581740186047,-0.25109863,-0.3812256,0.4220276,RUNNING
1581740186085,0.17393494,-0.15005493,0.30697632,RUNNING
1581740186087,0.43173218,0.28137207,0.22814941,RUNNING
1581740186121,0.07273865,0.44969177,0.21429443,RUNNING
1581740186124,-0.48120117,0.21212769,0.24838257,RUNNING
1581740186144,-0.8167572,0.00440979,0.23880005,RUNNING
1581740186164,-0.6921234,0.09069824,0.18980408,RUNNING
1581740186184,-0.41088867,0.33143616,0.24305725,RUNNING
1581740186206,-0.34591675,0.4358368,0.4081726,RUNNING
1581740186226,-0.4907837,0.25154114,0.53601074,RUNNING
1581740186244,-0.7240753,-0.09573364,0.5892639,RUNNING
1581740186285,-0.8391266,-0.44833374,0.68408203,RUNNING
1581740186289,-0.6260834,-0.60491943,0.8449402,RUNNING
1581740186303,-0.26281738,-0.4419403,0.9834137,RUNNING
1581740186326,0.031188965,-0.24060059,1.0398712,RUNNING
1581740186343,0.19418335,-0.22994995,0.96424866,RUNNING
1581740186363,0.29644775,-0.46217346,0.7501221,RUNNING
1581740186383,0.24317932,-0.70718384,0.47528076,RUNNING
1581740186403,0.039718628,-0.7753601,0.25265503,RUNNING
1581740186423,0.0695343,-0.5250244,0.07368469,RUNNING
1581740186446,0.37953186,-0.17562866,-0.017929077,RUNNING
1581740186485,0.5712738,-0.035003662,-0.10954285,RUNNING
1581740186486,0.32307434,-0.07122803,-0.2746582,RUNNING
1581740186502,-0.11262512,-0.25552368,-0.29489136,RUNNING
1581740186523,-0.3384552,-0.50904846,-0.27679443,RUNNING
1581740186541,-0.15736389,-0.64860535,-0.43763733,RUNNING
1581740186561,0.16542053,-0.25764465,-0.63897705,RUNNING
1581740186581,0.08552551,0.49975586,-0.42912292,RUNNING
1581740186601,-0.36296082,0.75541687,0.08647156,RUNNING
1581740186624,-0.5142212,0.61053467,0.39112854,RUNNING
1581740186641,-0.8444519,-0.015838623,0.1951294,RUNNING
1581740186687,-1.4857483,-0.6826935,-0.28105164,RUNNING
1581740186690,-1.703064,-0.92770386,-0.3534851,RUNNING
1581740186700,-1.3824158,-0.62091064,-0.17771912,RUNNING
1581740186722,-0.78266907,-0.10531616,-0.058410645,RUNNING
1581740186740,-0.11155701,0.264328,-0.105285645,RUNNING
1581740186759,0.45516968,0.5636749,-0.26187134,RUNNING
1581740186780,0.60110474,0.6371765,-0.26719666,RUNNING
1581740186800,0.19950867,0.3570099,-0.11061096,RUNNING
1581740186821,-0.19145203,0.10774231,-0.08824158,RUNNING
1581740186842,-0.23405457,0.055541992,-0.1723938,RUNNING
1581740186886,-0.107299805,0.28137207,-0.04776001,RUNNING
1581740186887,-0.011413574,0.59243774,0.35917664,RUNNING
1581740186900,-0.07426453,0.5636749,0.746933,RUNNING
1581740186920,-0.23512268,0.5050812,0.969574,RUNNING
1581740186938,-0.32354736,0.43051147,1.0292206,RUNNING
1581740186957,-0.10835266,0.4315796,0.9940796,RUNNING
1581740186978,0.16647339,0.6030884,0.8811493,RUNNING
1581740186998,0.23678589,0.70321655,0.74053955,RUNNING
1581740187017,0.21334839,0.72665405,0.7107086,RUNNING
1581740187040,0.1717987,0.66166687,0.8246918,RUNNING
1581740187087,0.10043335,0.45181274,0.97702026,RUNNING
1581740187088,0.05355835,0.3431549,0.9706421,RUNNING
1581740187098,-0.19038391,0.5434265,0.746933,RUNNING
1581740187119,-0.42260742,1.078186,0.7746277,RUNNING
1581740187136,-0.58239746,0.965271,1.1581268,RUNNING
1581740187157,-0.36082458,0.4912262,1.274231,RUNNING
1581740187176,0.11534119,0.17378235,0.9376068,RUNNING
1581740187197,0.20909119,0.14183044,0.44758606,RUNNING
1581740187216,-0.06788635,0.16099548,0.27182007,RUNNING
1581740187236,-0.3352661,0.13223267,0.24412537,RUNNING
1581740187270,-0.42155457,0.012924194,0.47102356,RUNNING
1581740187277,-0.36402893,-0.17881775,0.68408203,RUNNING
1581740187300,-0.119018555,-0.21716309,0.6563873,RUNNING
1581740187314,0.09510803,-0.28215027,0.4731598,RUNNING
1581740187334,0.124938965,-0.4174347,0.29632568,RUNNING
1581740187354,0.13238525,-0.4685669,0.17701721,RUNNING
1581740187374,0.23464966,-0.3386078,0.11842346,RUNNING
1581740187393,0.28684998,-0.15963745,0.1056366,RUNNING
1581740187413,0.22399902,-0.048858643,0.13760376,RUNNING
1581740187433,0.20695496,-0.016906738,0.19192505,RUNNING
1581740187454,0.32839966,0.104537964,0.2036438,RUNNING
1581740187475,0.3443756,0.21852112,0.13760376,RUNNING
1581740187499,0.17926025,0.18017578,0.042785645,RUNNING
1581740187514,-0.013549805,0.024642944,-0.07331848,RUNNING
1581740187534,-0.070007324,-0.16497803,-0.20861816,RUNNING
1581740187554,0.014144897,-0.24913025,-0.35136414,RUNNING
1581740187573,0.1121521,-0.23420715,-0.45895386,RUNNING
1581740187595,0.23678589,-0.13301086,-0.49090576,RUNNING
1581740187614,0.33265686,0.010803223,-0.42166138,RUNNING
1581740187633,0.21655273,-0.09466553,-0.28744507,RUNNING
1581740187652,0.16007996,-0.342865,-0.24057007,RUNNING
1581740187675,0.24104309,-0.49946594,-0.28530884,RUNNING
1581740187697,-0.17227173,-0.8936157,-0.24163818,RUNNING
